,genres,title,Movie_Average,Global_Average,Overall_Rating_Count
0,(no genres listed),Black Mirror,5.0,3.4863989231828714,5.0
1,(no genres listed),Generation Iron 2,3.5,3.4863989231828714,3.5
2,(no genres listed),Green Room (2015),3.333333333333333,3.4863989231828714,10.0
3,(no genres listed),Noin 7 veljestä (1968),3.0,3.4863989231828714,3.0
4,(no genres listed),Paterson,4.5,3.4863989231828714,4.5
5,(no genres listed),Pirates of the Caribbean: Dead Men Tell No Tales (2017),3.7857142857142856,3.4863989231828714,26.5
6,(no genres listed),The Adventures of Sherlock Holmes and Doctor Watson: The Hunt for the Tiger (1980),4.5,3.4863989231828714,4.5
7,Action,"10th Victim, The (La decima vittima) (1965)",4.0,3.4863989231828714,4.0
8,Action,28 Days Later (2002),4.0,3.4863989231828714,199.5
9,Action,3 Ninjas: High Noon On Mega Mountain (1998),4.0,3.4863989231828714,4.0
10,Action,52 Pick-Up (1986),5.0,3.4863989231828714,5.0
11,Action,"7th Voyage of Sinbad, The (1958)",4.25,3.4863989231828714,22.0
12,Action,Aelita: The Queen of Mars (Aelita) (1924),4.5,3.4863989231828714,4.5
13,Action,Alien Contamination (1980),5.0,3.4863989231828714,5.0
14,Action,All-Star Superman (2011),4.25,3.4863989231828714,8.5
15,Action,Alpha and Omega 3: The Great Wolf Games (2014),4.5,3.4863989231828714,4.5
16,Action,Apocalypse Now (1979),4.10625,3.4863989231828714,317.0
17,Action,Assembly (Ji jie hao) (2007) ,4.5,3.4863989231828714,4.5
18,Action,Band of Brothers (2001),4.333333333333333,3.4863989231828714,23.5
19,Action,Barely Lethal (2015),4.5,3.4863989231828714,4.5
20,Action,Battlestar Galactica: The Plan (2009),4.5,3.4863989231828714,4.5
21,Action,"Big Red One, The (1980)",4.0,3.4863989231828714,4.0
22,Action,"Boondock Saints, The (2000)",4.2073170731707314,3.4863989231828714,170.0
23,Action,"Boot, Das (Boat, The) (1981)",4.225,3.4863989231828714,145.5
24,Action,Brother (2000),4.0,3.4863989231828714,12.0
25,Action,Captain Horatio Hornblower R.N. (1951),4.0,3.4863989231828714,7.0
26,Action,City of God (Cidade de Deus) (2002),4.15,3.4863989231828714,285.0
27,Action,Crippled Avengers (Can que) (Return of the 5 Deadly Venoms) (1981),5.0,3.4863989231828714,5.0
28,Action,Dead Snow (Død snø) (2009),4.333333333333333,3.4863989231828714,13.0
29,Action,Dead or Alive: Hanzaisha (1999),4.25,3.4863989231828714,8.5
30,Action,Dragonslayer (1981),4.083333333333333,3.4863989231828714,24.5
31,Action,Elite Squad: The Enemy Within (Tropa de Elite 2 - O Inimigo Agora É Outro) (2010),4.333333333333333,3.4863989231828714,26.0
32,Action,Fire Down Below (1997),4.0,3.4863989231828714,4.0
33,Action,"Fistful of Dollars, A (Per un pugno di dollari) (1964)",4.038461538461538,3.4863989231828714,139.5
34,Action,Flashback (1990),4.5,3.4863989231828714,4.5
35,Action,Galaxy of Terror (Quest) (1981),5.0,3.4863989231828714,5.0
36,Action,Game of Death (1978),4.166666666666667,3.4863989231828714,12.5
37,Action,Get Carter (2000),4.0,3.4863989231828714,4.0
38,Action,Hangar 18 (1980),4.5,3.4863989231828714,9.0
39,Action,Hard-Boiled (Lat sau san taam) (1992),4.2,3.4863989231828714,34.0
40,Action,"Harder They Come, The (1973)",4.166666666666667,3.4863989231828714,12.5
41,Action,Heartbreak Ridge (1986),4.0,3.4863989231828714,12.0
42,Action,Heat (1995),4.083333333333333,3.4863989231828714,382.0
43,Action,Jackass 3D (2010),4.1,3.4863989231828714,20.5
44,Action,John Wick: Chapter Two (2017),4.142857142857143,3.4863989231828714,29.0
45,Action,Knockin' on Heaven's Door (1997),4.166666666666667,3.4863989231828714,12.5
46,Action,Logan (2017),4.28,3.4863989231828714,107.0
47,Action,Love Exposure (Ai No Mukidashi) (2008),5.0,3.4863989231828714,5.0
48,Action,Léon: The Professional (a.k.a. The Professional) (Léon) (1994),4.15934065934066,3.4863989231828714,503.5
49,Action,"Matrix, The (1999)",4.196428571428571,3.4863989231828714,1074.5
50,Action,Maximum Ride (2016),4.5,3.4863989231828714,4.5
51,Action,Maximum Risk (1996),4.5,3.4863989231828714,11.5
52,Action,Miracles - Mr. Canton and Lady Rose (1989),4.5,3.4863989231828714,4.5
53,Action,Ninja: Shadow of a Tear (2013),4.5,3.4863989231828714,4.5
54,Action,Nirvana (1997),4.5,3.4863989231828714,4.5
55,Action,"Omega Man, The (1971)",4.0,3.4863989231828714,22.0
56,Action,On the Other Side of the Tracks (De l'autre côté du périph) (2012),5.0,3.4863989231828714,5.0
57,Action,Once Upon a Time in the West (C'era una volta il West) (1968),4.2,3.4863989231828714,73.0
58,Action,"Outlaw Josey Wales, The (1976)",4.045454545454546,3.4863989231828714,44.5
59,Action,Rare Exports: A Christmas Tale (Rare Exports) (2010),4.25,3.4863989231828714,8.5
60,Action,Riki-Oh: The Story of Ricky (Lik Wong) (1991),4.5,3.4863989231828714,4.5
61,Action,"Road Warrior, The (Mad Max 2) (1981)",4.103448275862069,3.4863989231828714,155.0
62,Action,Sanjuro (Tsubaki Sanjûrô) (1962),4.25,3.4863989231828714,17.0
63,Action,Shaolin Temple (Shao Lin si) (1976),4.5,3.4863989231828714,4.5
64,Action,Supercop 2 (Project S) (Chao ji ji hua) (1993),5.0,3.4863989231828714,5.0
65,Action,Tekkonkinkreet (Tekkon kinkurîto) (2006),4.625,3.4863989231828714,18.5
66,Action,The Big Bus (1976),5.0,3.4863989231828714,5.0
67,Action,The Golden Voyage of Sinbad (1973),4.0,3.4863989231828714,8.0
68,Action,The Man from Nowhere (2010),4.5,3.4863989231828714,9.0
69,Action,The Pacific (2010),4.75,3.4863989231828714,9.5
70,Action,The Raid: Redemption (2011),4.3125,3.4863989231828714,34.5
71,Action,Tokyo Tribe (2014),5.0,3.4863989231828714,5.0
72,Action,Untitled Spider-Man Reboot (2017),4.15625,3.4863989231828714,66.5
73,Action,Why Don't You Play In Hell? (Jigoku de naze warui) (2013),4.25,3.4863989231828714,8.5
74,Action,Zulu (1964),4.0,3.4863989231828714,16.0
75,Adventure,12 Chairs (1971),4.5,3.4863989231828714,4.5
76,Adventure,12 Chairs (1976),5.0,3.4863989231828714,5.0
77,Adventure,Adventures of Mowgli: The Kidnapping (1968),4.5,3.4863989231828714,4.5
78,Adventure,Alpha (2018),4.5,3.4863989231828714,4.5
79,Adventure,Back to the Future (1985),4.02734375,3.4863989231828714,627.5
80,Adventure,Black Sea (2015),4.0,3.4863989231828714,4.0
81,Adventure,Captain Phillips (2013),4.025,3.4863989231828714,80.5
82,Adventure,Cloudburst (2011),4.0,3.4863989231828714,4.0
83,Adventure,Copenhagen (2014),4.5,3.4863989231828714,4.5
84,Adventure,Dark City (1998),3.9736842105263164,3.4863989231828714,167.5
85,Adventure,Doctor Dolittle (1967),4.0,3.4863989231828714,36.0
86,Adventure,"Doctor Who: The Doctor, the Widow and the Wardrobe (2011)",4.166666666666667,3.4863989231828714,12.5
87,Adventure,Dr. Phibes Rises Again (1972),4.5,3.4863989231828714,4.5
88,Adventure,Emerald Green (2016),4.0,3.4863989231828714,4.0
89,Adventure,Ernest & Célestine (Ernest et Célestine) (2012),4.5,3.4863989231828714,4.5
90,Adventure,Fear and Loathing in Las Vegas (1998),4.0131578947368425,3.4863989231828714,145.0
91,Adventure,Finding Nemo (2003),3.954887218045113,3.4863989231828714,513.0
92,Adventure,Firewalker (1986),5.0,3.4863989231828714,5.0
93,Adventure,"Gods Must Be Crazy, The (1980)",3.9375,3.4863989231828714,95.0
94,Adventure,Golden Door (Nuovomondo) (2006),4.5,3.4863989231828714,4.5
95,Adventure,"Grand Day Out with Wallace and Gromit, A (1989)",4.02,3.4863989231828714,110.0
96,Adventure,"History of Future Folk, The (2012)",4.0,3.4863989231828714,8.0
97,Adventure,Hunt for the Wilderpeople (2016),4.375,3.4863989231828714,17.5
98,Adventure,Ice Age: The Great Egg-Scapade (2016),5.0,3.4863989231828714,5.0
99,Adventure,Interstate 60 (2002),4.0,3.4863989231828714,4.0
100,Adventure,"Iron Giant, The (1999)",3.9807692307692313,3.4863989231828714,140.5
101,Adventure,Jack-Jack Attack (2005),4.5,3.4863989231828714,4.5
102,Adventure,Kiki's Delivery Service (Majo no takkyûbin) (1989),4.0588235294117645,3.4863989231828714,67.0
103,Adventure,Kirikou and the Sorceress (Kirikou et la sorcière) (1998),4.0,3.4863989231828714,8.0
104,Adventure,Labyrinth (1986),3.9193548387096775,3.4863989231828714,147.0
105,Adventure,Legend of the Guardians: The Owls of Ga'Hoole (2010),4.0,3.4863989231828714,4.0
106,Adventure,Light Years (Gandahar) (1988),5.0,3.4863989231828714,5.0
107,Adventure,"Lion King 1½, The (2004)",4.5,3.4863989231828714,9.0
108,Adventure,Little Miss Sunshine (2006),3.9178082191780814,3.4863989231828714,185.5
109,Adventure,"Lord of the Rings: The Fellowship of the Ring, The (2001)",4.117021276595745,3.4863989231828714,748.0
110,Adventure,"Lord of the Rings: The Two Towers, The (2002)",4.036723163841808,3.4863989231828714,690.5
111,Adventure,"Monster Squad, The (1987)",5.0,3.4863989231828714,5.0
112,Adventure,Mutiny on the Bounty (1935),4.2,3.4863989231828714,21.0
113,Adventure,My Father's Glory (La gloire de mon père) (1990),4.0,3.4863989231828714,4.0
114,Adventure,Never Cry Wolf (1983),4.1,3.4863989231828714,37.5
115,Adventure,On the Trail of the Bremen Town Musicians (1973),5.0,3.4863989231828714,5.0
116,Adventure,Palindromes (2004),5.0,3.4863989231828714,5.0
117,Adventure,Puss in Boots (Nagagutsu o haita neko) (1969),4.0,3.4863989231828714,4.0
118,Adventure,Sapphire Blue (2014),4.0,3.4863989231828714,4.0
119,Adventure,"Saragossa Manuscript, The (Rekopis znaleziony w Saragossie) (1965)",4.0,3.4863989231828714,4.0
120,Adventure,Scooby-Doo! Curse of the Lake Monster (2010),5.0,3.4863989231828714,5.0
121,Adventure,Sweetgrass (2009),4.5,3.4863989231828714,4.5
122,Adventure,The Cave of the Golden Rose (1991),4.0,3.4863989231828714,4.0
123,Adventure,The Fox and the Hound 2 (2006),5.0,3.4863989231828714,5.0
124,Adventure,The Martian (2015),4.021739130434782,3.4863989231828714,182.5
125,Adventure,Vovka in the Kingdom of Far Far Away (1965),5.0,3.4863989231828714,5.0
126,Adventure,Walkabout (1971),4.5,3.4863989231828714,8.5
127,Adventure,Wizards of Waverly Place: The Movie (2009),4.0,3.4863989231828714,4.0
128,Animation,A Detective Story (2003),5.0,3.4863989231828714,5.0
129,Animation,A Plasticine Crow (1981),5.0,3.4863989231828714,5.0
130,Animation,Aladdin and the King of Thieves (1996),3.125,3.4863989231828714,34.0
131,Animation,All Dogs Go to Heaven (1989),3.4863989231828714,3.4863989231828714,3.0
132,Animation,"Aristocats, The (1970)",3.3392857142857144,3.4863989231828714,134.5
133,Animation,Bambi (1942),3.4863989231828714,3.4863989231828714,24.0
134,Animation,Batman: Mask of the Phantasm (1993),3.4863989231828714,3.4863989231828714,14.0
135,Animation,Beauty and the Beast (1991),3.684931506849315,3.4863989231828714,494.0
136,Animation,Big Top Scooby-Doo! (2012),5.0,3.4863989231828714,5.0
137,Animation,"Brave Little Toaster, The (1987)",3.5625,3.4863989231828714,26.0
138,Animation,Charlotte's Web (1973),3.4863989231828714,3.4863989231828714,17.0
139,Animation,Chicken Run (2000),3.5909090909090913,3.4863989231828714,236.0
140,Animation,"Christmas Carol, A (2009)",3.0,3.4863989231828714,3.5
141,Animation,Cinderella (1950),3.4863989231828714,3.4863989231828714,35.0
142,Animation,Cool World (1992),2.5,3.4863989231828714,6.0
143,Animation,Coraline (2009),3.6875,3.4863989231828714,111.0
144,Animation,Corpse Bride (2005),3.5365853658536586,3.4863989231828714,128.0
145,Animation,Creature Comforts (1989),4.25,3.4863989231828714,46.5
146,Animation,DC Super Hero Girls: Hero of the Year (2016),4.0,3.4863989231828714,4.0
147,Animation,Day & Night (2010),4.1,3.4863989231828714,18.0
148,Animation,Despicable Me (2010),3.6666666666666665,3.4863989231828714,122.0
149,Animation,Dragon ball Z 04: Lord Slug (1991),4.0,3.4863989231828714,4.0
150,Animation,Duck Amuck (1953),4.0,3.4863989231828714,4.0
151,Animation,Dumbo (1941),3.44,3.4863989231828714,75.5
152,Animation,"Emperor's New Groove 2: Kronk's New Groove, The (2005)",4.5,3.4863989231828714,4.5
153,Animation,FLCL (2000),4.375,3.4863989231828714,35.0
154,Animation,Family Guy Presents: Blue Harvest (2007),4.0,3.4863989231828714,4.0
155,Animation,"Family Guy Presents: Something, Something, Something, Dark Side (2009)",4.5,3.4863989231828714,4.5
156,Animation,Fantasia (1940),3.4863989231828714,3.4863989231828714,40.0
157,Animation,Fantasia 2000 (1999),3.4863989231828714,3.4863989231828714,7.0
158,Animation,"Fantastic Planet, The (Planète sauvage, La) (1973)",4.0,3.4863989231828714,9.5
159,Animation,Feast (2014),3.0,3.4863989231828714,3.0
160,Animation,Ferngully: The Last Rainforest (1992),3.1428571428571432,3.4863989231828714,18.0
161,Animation,For the Birds (2000),3.9,3.4863989231828714,19.5
162,Animation,"Fox and the Hound, The (1981)",3.678571428571429,3.4863989231828714,51.5
163,Animation,Frankenweenie (2012),2.5,3.4863989231828714,3.0
164,Animation,From Up on Poppy Hill (Kokuriko-zaka kara) (2011),4.5,3.4863989231828714,4.5
165,Animation,Garfield's Pet Force (2009),5.0,3.4863989231828714,5.0
166,Animation,Garfield: A Tail of Two Kitties (2006),2.25,3.4863989231828714,4.0
167,Animation,Ghost in the Shell (Kôkaku kidôtai) (1995),4.090909090909091,3.4863989231828714,100.5
168,Animation,"Girl Who Leapt Through Time, The (Toki o kakeru shôjo) (2006)",4.055555555555555,3.4863989231828714,36.5
169,Animation,"Goofy Movie, A (1995)",3.4,3.4863989231828714,45.0
170,Animation,Happy Feet Two (2011),5.0,3.4863989231828714,5.0
171,Animation,Hare-um Scare-um (1939),4.0,3.4863989231828714,4.0
172,Animation,"Illusionist, The (L'illusionniste) (2010)",3.0,3.4863989231828714,7.0
173,Animation,"Incredible Mr. Limpet, The (1964)",3.0,3.4863989231828714,3.0
174,Animation,It's Such a Beautiful Day (2012),4.25,3.4863989231828714,8.5
175,Animation,"It's the Great Pumpkin, Charlie Brown (1966)",3.8,3.4863989231828714,19.0
176,Animation,Johnny Express (2014),4.5,3.4863989231828714,4.5
177,Animation,Kid's Story (2003),3.0,3.4863989231828714,3.0
178,Animation,Kizumonogatari II: Passionate Blood (2016),4.0,3.4863989231828714,4.0
179,Animation,Kizumonogatari III: Cold Blood (2017),4.5,3.4863989231828714,4.5
180,Animation,Kung Fu Panda: Secrets of the Masters (2011),5.0,3.4863989231828714,5.0
181,Animation,Lady and the Tramp (1955),3.4863989231828714,3.4863989231828714,52.0
182,Animation,"Last Unicorn, The (1982)",3.375,3.4863989231828714,9.0
183,Animation,Lesson Faust (1994),3.4863989231828714,3.4863989231828714,10.0
184,Animation,Lifted (2006),4.0,3.4863989231828714,4.0
185,Animation,"Little Mermaid, The (1989)",3.4863989231828714,3.4863989231828714,42.0
186,Animation,Loving Vincent (2017),5.0,3.4863989231828714,5.0
187,Animation,Luxo Jr. (1986),3.75,3.4863989231828714,7.5
188,Animation,"Man Who Planted Trees, The (Homme qui plantait des arbres, L') (1987)",4.25,3.4863989231828714,17.0
189,Animation,Merry Madagascar (2009),3.0,3.4863989231828714,3.0
190,Animation,Mike's New Car (2002),4.0,3.4863989231828714,4.0
191,Animation,Millennium Actress (Sennen joyû) (2001),3.8,3.4863989231828714,16.5
192,Animation,Monster House (2006),3.111111111111111,3.4863989231828714,25.0
193,Animation,Mr Hublot (2013),3.0,3.4863989231828714,3.0
194,Animation,Mutant Aliens (2001),4.0,3.4863989231828714,8.0
195,Animation,My Love (2006),5.0,3.4863989231828714,5.0
196,Animation,"Nightmare Before Christmas, The (1993)",3.6296296296296298,3.4863989231828714,188.0
197,Animation,No Game No Life: Zero (2017),3.5,3.4863989231828714,3.5
198,Animation,"Old Lady and the Pigeons, The (La vieille dame et les pigeons) (1997)",3.0,3.4863989231828714,3.0
199,Animation,Paperman (2012),4.428571428571429,3.4863989231828714,31.0
200,Animation,Paprika (Papurika) (2006),3.7777777777777777,3.4863989231828714,34.0
201,Animation,Persepolis (2007),4.181818181818182,3.4863989231828714,46.0
202,Animation,Peter Pan (1953),3.4863989231828714,3.4863989231828714,31.0
203,Animation,Pinocchio (1940),3.202702702702702,3.4863989231828714,96.0
204,Animation,Pocahontas (1995),3.4863989231828714,3.4863989231828714,65.0
205,Animation,Presto (2008),5.0,3.4863989231828714,5.0
206,Animation,"Prince of Egypt, The (1998)",3.7,3.4863989231828714,73.5
207,Animation,"Princess and the Frog, The (2009)",3.9,3.4863989231828714,39.0
208,Animation,Puss in Boots: The Three Diablos (2012),3.0,3.4863989231828714,3.0
209,Animation,"Road to El Dorado, The (2000)",2.9285714285714284,3.4863989231828714,15.0
210,Animation,"Rugrats Movie, The (1998)",3.4863989231828714,3.4863989231828714,3.0
211,Animation,Scooby-Doo Goes Hollywood (1979),5.0,3.4863989231828714,5.0
212,Animation,Scooby-Doo! and the Samurai Sword (2009),5.0,3.4863989231828714,5.0
213,Animation,"Secret World of Arrietty, The (Kari-gurashi no Arietti) (2010)",3.5,3.4863989231828714,11.5
214,Animation,"Secret of Kells, The (2009)",4.0,3.4863989231828714,8.0
215,Animation,"Simpsons Movie, The (2007)",3.613636363636364,3.4863989231828714,148.5
216,Animation,Sleeping Beauty (1959),3.4863989231828714,3.4863989231828714,20.0
217,Animation,Small Soldiers (1998),3.4863989231828714,3.4863989231828714,13.0
218,Animation,Snow White and the Seven Dwarfs (1937),3.466666666666667,3.4863989231828714,145.5
219,Animation,Song of the Sea (2014),3.0,3.4863989231828714,3.0
220,Animation,"South Park: Bigger, Longer and Uncut (1999)",3.4863989231828714,3.4863989231828714,51.0
221,Animation,South Park: Imaginationland (2008),4.0,3.4863989231828714,32.0
222,Animation,Stitch! The Movie (2003),4.0,3.4863989231828714,8.0
223,Animation,Strange Magic (2015),3.0,3.4863989231828714,3.0
224,Animation,Stuart Little 3: Call of the Wild (2005),5.0,3.4863989231828714,5.0
225,Animation,"Swan Princess, The (1994)",3.4863989231828714,3.4863989231828714,7.0
226,Animation,"Sword in the Stone, The (1963)",3.4166666666666665,3.4863989231828714,52.0
227,Animation,Tangled (2010),3.928571428571429,3.4863989231828714,77.0
228,Animation,Tenchi Muyô! In Love (1996),5.0,3.4863989231828714,5.0
229,Animation,The Boss Baby (2017),3.875,3.4863989231828714,13.5
230,Animation,The Bremen Town Musicians (1969),5.0,3.4863989231828714,5.0
231,Animation,The Electric Hotel (1908),4.0,3.4863989231828714,4.0
232,Animation,The Little Prince (2015),2.25,3.4863989231828714,3.0
233,Animation,The Madagascar Penguins in a Christmas Caper (2005),3.5,3.4863989231828714,3.5
234,Animation,The Magic Ring (1982),4.5,3.4863989231828714,4.5
235,Animation,The Monkey King (1964),3.5,3.4863989231828714,3.5
236,Animation,The Secret Life of Pets (2016),3.0,3.4863989231828714,11.5
237,Animation,"Three Caballeros, The (1945)",3.4863989231828714,3.4863989231828714,12.0
238,Animation,Three from Prostokvashino (1978),5.0,3.4863989231828714,5.0
239,Animation,"Tigger Movie, The (2000)",4.5,3.4863989231828714,7.5
240,Animation,Tom and Jerry: A Nutcracker Tale (2007),5.0,3.4863989231828714,5.0
241,Animation,Tom and Jerry: Shiver Me Whiskers (2006),5.0,3.4863989231828714,5.0
242,Animation,"Town Called Panic, A (Panique au village) (2009)",3.75,3.4863989231828714,7.5
243,Animation,Travels of an Ant (1983),5.0,3.4863989231828714,5.0
244,Animation,Waking Life (2001),3.638888888888889,3.4863989231828714,60.5
245,Animation,Wallace & Gromit: A Close Shave (1995),3.772727272727273,3.4863989231828714,162.5
246,Animation,Wallace & Gromit: The Wrong Trousers (1993),3.4863989231828714,3.4863989231828714,36.0
247,Animation,Whisper of the Heart (Mimi wo sumaseba) (1995),3.8,3.4863989231828714,16.5
248,Animation,Winnie the Pooh Goes Visiting (1971),5.0,3.4863989231828714,5.0
249,Animation,Winnie the Pooh and Tigger Too (1974),3.5,3.4863989231828714,3.5
250,Animation,Winnie the Pooh and the Blustery Day (1968),3.2857142857142856,3.4863989231828714,19.0
251,Animation,Winnie the Pooh and the Honey Tree (1966),4.0,3.4863989231828714,4.0
252,Animation,Winter in Prostokvashino (1984),5.0,3.4863989231828714,5.0
253,Animation,Wolf Children (Okami kodomo no ame to yuki) (2012),4.0,3.4863989231828714,12.0
254,Animation,World of Tomorrow (2015),4.5,3.4863989231828714,9.0
255,Animation,Wow! A Talking Fish! (1983),5.0,3.4863989231828714,5.0
256,Animation,Wrinkles (Arrugas) (2011),4.0,3.4863989231828714,4.0
257,Animation,Your Name. (2016),4.0,3.4863989231828714,12.0
258,Animation,anohana: The Flower We Saw That Day - The Movie (2013),3.0,3.4863989231828714,3.0
259,Children,1776 (1972),3.5,3.4863989231828714,7.0
260,Children,"Absent-Minded Professor, The (1961)",3.4863989231828714,3.4863989231828714,9.0
261,Children,Addams Family Values (1993),3.202702702702702,3.4863989231828714,219.5
262,Children,"Addams Family, The (1991)",3.3548387096774195,3.4863989231828714,108.5
263,Children,Angels in the Outfield (1994),3.4863989231828714,3.4863989231828714,7.0
264,Children,Anne of Green Gables (1985),4.5,3.4863989231828714,13.5
265,Children,"Apple Dumpling Gang Rides Again, The (1979)",2.833333333333333,3.4863989231828714,6.0
266,Children,"Apple Dumpling Gang, The (1975)",2.833333333333333,3.4863989231828714,16.0
267,Children,Babe (1995),3.2105263157894735,3.4863989231828714,396.0
268,Children,Babes in Toyland (1961),2.875,3.4863989231828714,15.0
269,Children,"Baby-Sitters Club, The (1995)",2.25,3.4863989231828714,13.0
270,Children,Bad News Bears (2005),3.0,3.4863989231828714,6.0
271,Children,Beethoven (1992),1.7727272727272727,3.4863989231828714,10.0
272,Children,Beethoven's 2nd (1993),1.5,3.4863989231828714,3.0
273,Children,"Big Green, The (1995)",3.4863989231828714,3.4863989231828714,4.0
274,Children,"Black Hole, The (1979)",2.6,3.4863989231828714,14.0
275,Children,Bogus (1996),2.0,3.4863989231828714,3.0
276,Children,Bugsy Malone (1976),2.75,3.4863989231828714,3.0
277,Children,"Cat from Outer Space, The (1978)",3.0,3.4863989231828714,6.0
278,Children,Cats & Dogs (2001),2.7777777777777777,3.4863989231828714,17.5
279,Children,Charlotte's Web (2006),3.333333333333333,3.4863989231828714,7.5
280,Children,"Christmas Story, A (1983)",3.4863989231828714,3.4863989231828714,44.0
281,Children,Cinderella (2015),4.0,3.4863989231828714,4.0
282,Children,"Computer Wore Tennis Shoes, The (1969)",3.0,3.4863989231828714,12.0
283,Children,D2: The Mighty Ducks (1994),3.4863989231828714,3.4863989231828714,3.0
284,Children,Dunston Checks In (1996),2.375,3.4863989231828714,15.0
285,Children,E.T. the Extra-Terrestrial (1982),3.4863989231828714,3.4863989231828714,105.0
286,Children,Elf (2003),3.697368421052632,3.4863989231828714,134.0
287,Children,Ernest Saves Christmas (1988),1.625,3.4863989231828714,3.5
288,Children,Field of Dreams (1989),3.4863989231828714,3.4863989231828714,46.0
289,Children,First Kid (1996),3.4863989231828714,3.4863989231828714,6.0
290,Children,"Flintstones, The (1994)",3.4863989231828714,3.4863989231828714,48.0
291,Children,Flubber (1997),3.4863989231828714,3.4863989231828714,3.0
292,Children,Freaky Friday (1977),3.4863989231828714,3.4863989231828714,6.0
293,Children,Freaky Friday (2003),3.2045454545454546,3.4863989231828714,59.5
294,Children,George of the Jungle (1997),3.4863989231828714,3.4863989231828714,11.0
295,Children,Good Burger (1997),2.0,3.4863989231828714,3.5
296,Children,Gordy (1995),3.4863989231828714,3.4863989231828714,3.0
297,Children,"Great Muppet Caper, The (1981)",3.571428571428572,3.4863989231828714,33.0
298,Children,Harriet the Spy (1996),2.875,3.4863989231828714,25.0
299,Children,"Haunted Mansion, The (2003)",2.4375,3.4863989231828714,7.0
300,Children,Heavyweights (Heavy Weights) (1995),3.4863989231828714,3.4863989231828714,7.0
301,Children,Herbie Rides Again (1974),3.125,3.4863989231828714,11.0
302,Children,High School Musical (2006),2.0,3.4863989231828714,3.5
303,Children,Himizu (2011),3.5,3.4863989231828714,3.5
304,Children,Hocus Pocus (1993),3.4863989231828714,3.4863989231828714,6.0
305,Children,Home Alone 2: Lost in New York (1992),2.5576923076923075,3.4863989231828714,54.0
306,Children,"Honey, I Blew Up the Kid (1992)",3.4863989231828714,3.4863989231828714,6.0
307,Children,House Arrest (1996),3.4863989231828714,3.4863989231828714,7.0
308,Children,How the Grinch Stole Christmas (a.k.a. The Grinch) (2000),3.0645161290322585,3.4863989231828714,77.0
309,Children,Hugo (2011),3.75,3.4863989231828714,62.5
310,Children,Ice Princess (2005),3.333333333333333,3.4863989231828714,5.0
311,Children,It's a Wonderful Life (1946),3.4863989231828714,3.4863989231828714,34.0
312,Children,Jingle All the Way (1996),2.5,3.4863989231828714,39.0
313,Children,Jungle2Jungle (a.k.a. Jungle 2 Jungle) (1997),3.4863989231828714,3.4863989231828714,7.0
314,Children,Kazaam (1996),3.4863989231828714,3.4863989231828714,21.0
315,Children,Kit Kittredge: An American Girl (2008),3.0,3.4863989231828714,4.0
316,Children,"Little Princess, A (1995)",3.4863989231828714,3.4863989231828714,32.0
317,Children,"Little Princess, The (1939)",3.0,3.4863989231828714,3.0
318,Children,"Little Rascals, The (1994)",2.5,3.4863989231828714,17.5
319,Children,Look Who's Talking Now (1993),1.5833333333333333,3.4863989231828714,3.5
320,Children,"Love Bug, The (1969)",3.4863989231828714,3.4863989231828714,3.0
321,Children,Mary Poppins (1964),3.8846153846153846,3.4863989231828714,249.0
322,Children,Matilda (1996),3.363636363636364,3.4863989231828714,65.5
323,Children,"Mighty Ducks, The (1992)",3.4863989231828714,3.4863989231828714,9.0
324,Children,Monsieur Lazhar (2011),4.5,3.4863989231828714,9.0
325,Children,"Muppet Christmas Carol, The (1992)",3.6875,3.4863989231828714,68.5
326,Children,Muppets From Space (1999),3.4863989231828714,3.4863989231828714,10.0
327,Children,"Muppets Take Manhattan, The (1984)",3.4863989231828714,3.4863989231828714,6.0
328,Children,"Music Man, The (1962)",3.9,3.4863989231828714,19.5
329,Children,My Dog Skip (1999),3.3125,3.4863989231828714,32.0
330,Children,National Velvet (1944),3.75,3.4863989231828714,7.5
331,Children,Now and Then (1995),3.0,3.4863989231828714,7.5
332,Children,Old Yeller (1957),3.4,3.4863989231828714,19.0
333,Children,"Parent Trap, The (1961)",3.4863989231828714,3.4863989231828714,6.0
334,Children,"Parent Trap, The (1998)",3.4863989231828714,3.4863989231828714,3.0
335,Children,Pinocchio (2002),3.5,3.4863989231828714,3.5
336,Children,Please Don't Eat the Daisies (1960),3.5,3.4863989231828714,7.0
337,Children,Pollyanna (1960),3.4863989231828714,3.4863989231828714,6.0
338,Children,Prancer (1989),3.0,3.4863989231828714,6.0
339,Children,"Princess Diaries, The (2001)",3.0416666666666665,3.4863989231828714,60.5
340,Children,"Railway Children, The (1970)",4.0,3.4863989231828714,4.0
341,Children,Return from Witch Mountain (1978),3.4863989231828714,3.4863989231828714,3.0
342,Children,Richie Rich (1994),3.4863989231828714,3.4863989231828714,23.0
343,Children,"Sandlot, The (1993)",3.4130434782608696,3.4863989231828714,67.0
344,Children,"Santa Clause 2, The (2002)",2.3,3.4863989231828714,6.0
345,Children,"Secret Garden, The (1993)",3.4863989231828714,3.4863989231828714,37.0
346,Children,"Secret of Roan Inish, The (1994)",3.4863989231828714,3.4863989231828714,45.0
347,Children,"Shaggy D.A., The (1976)",3.4863989231828714,3.4863989231828714,3.0
348,Children,"Shaggy Dog, The (1959)",3.4863989231828714,3.4863989231828714,6.0
349,Children,Something Wicked This Way Comes (1983),2.6666666666666665,3.4863989231828714,20.5
350,Children,Stuart Little (1999),2.8125,3.4863989231828714,43.0
351,Children,Stuart Little 2 (2002),2.5,3.4863989231828714,8.0
352,Children,That Darn Cat (1997),3.5,3.4863989231828714,3.5
353,Children,That Darn Cat! (1965),2.833333333333333,3.4863989231828714,9.5
354,Children,The Even Stevens Movie (2003),3.5,3.4863989231828714,3.5
355,Children,The Tale of the Bunny Picnic (1986),3.0,3.4863989231828714,3.0
356,Children,"Watcher in the Woods, The (1980)",3.0,3.4863989231828714,3.0
357,Children,"White Balloon, The (Badkonake sefid) (1995)",4.0,3.4863989231828714,8.0
358,Children,Wide Awake (1998),3.4863989231828714,3.4863989231828714,11.0
359,Children,"Witches, The (1990)",3.1666666666666665,3.4863989231828714,9.5
360,Children,"Yours, Mine and Ours (1968)",2.75,3.4863989231828714,3.0
361,Comedy,00 Schneider - Jagd auf Nihil Baxter (1994),4.5,3.4863989231828714,4.5
362,Comedy,Adam's Apples (Adams æbler) (2005),4.166666666666667,3.4863989231828714,12.5
363,Comedy,Adam's Rib (1949),4.666666666666667,3.4863989231828714,14.0
364,Comedy,Animals are Beautiful People (1974),5.0,3.4863989231828714,5.0
365,Comedy,Arizona Dream (1993),4.25,3.4863989231828714,25.5
366,Comedy,Attack of the 50 Foot Woman (1958),4.5,3.4863989231828714,4.5
367,Comedy,"Awful Truth, The (1937)",4.75,3.4863989231828714,9.5
368,Comedy,Baarìa (2009),4.5,3.4863989231828714,4.5
369,Comedy,Bill Burr: I'm Sorry You Feel That Way (2014),4.5,3.4863989231828714,4.5
370,Comedy,Bill Burr: Why Do I Do This? (2008),4.5,3.4863989231828714,4.5
371,Comedy,Bill Burr: You People Are All the Same (2012),4.5,3.4863989231828714,4.5
372,Comedy,Bill Hicks: Revelations (1993),5.0,3.4863989231828714,5.0
373,Comedy,Bootleggers (1961),4.5,3.4863989231828714,4.5
374,Comedy,"Cabin in the Woods, The (2012)",4.119047619047619,3.4863989231828714,84.5
375,Comedy,"Captain Newman, M.D. (1963)",4.5,3.4863989231828714,4.5
376,Comedy,Chinese Puzzle (Casse-tête chinois) (2013),5.0,3.4863989231828714,5.0
377,Comedy,"Chorus Line, A (1985)",4.666666666666667,3.4863989231828714,14.0
378,Comedy,Citizen Ruth (1996),4.75,3.4863989231828714,13.5
379,Comedy,Continental Divide (1981),5.0,3.4863989231828714,5.0
380,Comedy,Cornered! (2009),4.5,3.4863989231828714,4.5
381,Comedy,Craig Ferguson: I'm Here To Help (2013),5.0,3.4863989231828714,5.0
382,Comedy,Cyrano de Bergerac (1990),4.083333333333333,3.4863989231828714,49.5
383,Comedy,Dead Alive (Braindead) (1992),4.388888888888889,3.4863989231828714,39.5
384,Comedy,"Discreet Charm of the Bourgeoisie, The (Charme discret de la bourgeoisie, Le) (1972)",4.3,3.4863989231828714,21.5
385,Comedy,Dr. Goldfoot and the Bikini Machine (1965),5.0,3.4863989231828714,5.0
386,Comedy,Eddie Murphy Delirious (1983),4.375,3.4863989231828714,17.5
387,Comedy,Empties (2007),5.0,3.4863989231828714,5.0
388,Comedy,English Vinglish (2012),5.0,3.4863989231828714,5.0
389,Comedy,Everybody Wants Some (2016),4.166666666666667,3.4863989231828714,12.5
390,Comedy,Ex Drummer (2007),5.0,3.4863989231828714,5.0
391,Comedy,Forgotten Silver (1996),4.5,3.4863989231828714,4.5
392,Comedy,Forrest Gump (1994),4.117788461538462,3.4863989231828714,1273.5
393,Comedy,Garam Masala (2005),4.5,3.4863989231828714,4.5
394,Comedy,George Carlin: It's Bad for Ya! (2008),5.0,3.4863989231828714,5.0
395,Comedy,George Carlin: Jammin' in New York (1992),5.0,3.4863989231828714,5.0
396,Comedy,Get Low (2009),5.0,3.4863989231828714,5.0
397,Comedy,Goodbye Charlie (1964),5.0,3.4863989231828714,5.0
398,Comedy,"Green Butchers, The (Grønne slagtere, De) (2003)",4.5,3.4863989231828714,4.5
399,Comedy,Guy X (2005),5.0,3.4863989231828714,5.0
400,Comedy,Hands on a Hard Body (1996),4.5,3.4863989231828714,9.0
401,Comedy,Hedwig and the Angry Inch (2000),4.15,3.4863989231828714,37.0
402,Comedy,High Heels (Tacones lejanos) (1991),4.5,3.4863989231828714,4.5
403,Comedy,Hit the Bank (Vabank) (1981),4.5,3.4863989231828714,4.5
404,Comedy,Hollywood Shuffle (1987),5.0,3.4863989231828714,5.0
405,Comedy,Hood of Horror (2006),4.5,3.4863989231828714,4.5
406,Comedy,How to Marry a Millionaire (1953),4.5,3.4863989231828714,4.5
407,Comedy,I Am a Sex Addict (2005),4.5,3.4863989231828714,4.5
408,Comedy,I Was a Male War Bride (1949),4.25,3.4863989231828714,8.5
409,Comedy,Impromptu (1991),4.25,3.4863989231828714,8.5
410,Comedy,"Incredibly True Adventure of Two Girls in Love, The (1995)",5.0,3.4863989231828714,9.0
411,Comedy,It Happened on Fifth Avenue (1947),4.5,3.4863989231828714,4.5
412,Comedy,Jim Jefferies: BARE (2014),4.5,3.4863989231828714,4.5
413,Comedy,Jim Jefferies: Fully Functional (EPIX) (2012),4.5,3.4863989231828714,4.5
414,Comedy,Jim Jefferies: I Swear to God (2009),4.5,3.4863989231828714,4.5
415,Comedy,"Kidnapping, Caucasian Style (Kavkazskaya plennitsa) (1967)",4.5,3.4863989231828714,4.5
416,Comedy,"King of Comedy, The (1983)",4.083333333333333,3.4863989231828714,24.5
417,Comedy,Kiss Kiss Bang Bang (2005),4.088235294117647,3.4863989231828714,136.5
418,Comedy,L.A. Slasher (2015),5.0,3.4863989231828714,5.0
419,Comedy,La Belle Verte (1996),4.5,3.4863989231828714,4.5
420,Comedy,"Last Detail, The (1973)",4.333333333333333,3.4863989231828714,13.0
421,Comedy,Life Is Beautiful (La Vita è bella) (1997),4.130434782608695,3.4863989231828714,325.0
422,Comedy,Living in Oblivion (1995),4.1,3.4863989231828714,47.5
423,Comedy,Louis C.K.: Live at The Comedy Store (2015),4.375,3.4863989231828714,17.5
424,Comedy,Louis C.K.: Oh My God (2013),4.125,3.4863989231828714,16.5
425,Comedy,Love and Death (1975),4.5,3.4863989231828714,30.0
426,Comedy,Lumberjack Man (2015),5.0,3.4863989231828714,5.0
427,Comedy,Madly in Love (1981),4.5,3.4863989231828714,4.5
428,Comedy,Mamma Mia: Here We Go Again! (2018),4.5,3.4863989231828714,4.5
429,Comedy,Man on the Flying Trapeze (1935),4.5,3.4863989231828714,4.5
430,Comedy,Meantime (1984),5.0,3.4863989231828714,5.0
431,Comedy,Mediterraneo (1991),4.25,3.4863989231828714,22.5
432,Comedy,Miss Nobody (2010),5.0,3.4863989231828714,5.0
433,Comedy,Monty Python Live at the Hollywood Bowl (1982),4.166666666666667,3.4863989231828714,37.5
434,Comedy,Monty Python's And Now for Something Completely Different (1971),4.166666666666667,3.4863989231828714,105.5
435,Comedy,My Life as a Dog (Mitt liv som hund) (1985),4.3,3.4863989231828714,21.5
436,Comedy,My Sassy Girl (Yeopgijeogin geunyeo) (2001),5.0,3.4863989231828714,5.0
437,Comedy,"Night at the Opera, A (1935)",4.111111111111111,3.4863989231828714,37.0
438,Comedy,"Nine Lives of Tomas Katz, The (2000)",5.0,3.4863989231828714,5.0
439,Comedy,"One I Love, The (2014)",5.0,3.4863989231828714,5.0
440,Comedy,P.S. (2004),4.25,3.4863989231828714,8.5
441,Comedy,PK (2014),5.0,3.4863989231828714,5.0
442,Comedy,Party Girl (1995),4.166666666666667,3.4863989231828714,12.5
443,Comedy,Phir Hera Pheri (2006),4.5,3.4863989231828714,4.5
444,Comedy,Pulp Fiction (1994),4.318681318681318,3.4863989231828714,1187.5
445,Comedy,Real Women Have Curves (2002),4.25,3.4863989231828714,8.5
446,Comedy,"Revenant, The (2009)",4.5,3.4863989231828714,4.5
447,Comedy,Roman Holiday (1953),4.125,3.4863989231828714,95.0
448,Comedy,"Rules of Attraction, The (2002)",4.166666666666667,3.4863989231828714,10.0
449,Comedy,Saving Face (2004),5.0,3.4863989231828714,5.0
450,Comedy,"Sex, Drugs & Taxation (2013)",4.5,3.4863989231828714,4.5
451,Comedy,Siam Sunset (1999),5.0,3.4863989231828714,5.0
452,Comedy,Sightseers (2012),4.5,3.4863989231828714,4.5
453,Comedy,Something New (2006),4.5,3.4863989231828714,4.5
454,Comedy,"Son of the Bride (Hijo de la novia, El) (2001)",5.0,3.4863989231828714,5.0
455,Comedy,"Steamboat Bill, Jr. (1928)",4.5,3.4863989231828714,4.5
456,Comedy,Strictly Sexual (2008),5.0,3.4863989231828714,5.0
457,Comedy,"Summer's Tale, A (Conte d'été) (1996)",5.0,3.4863989231828714,5.0
458,Comedy,Swept Away (Travolti da un insolito destino nell'azzurro mare d'Agosto) (1975),4.5,3.4863989231828714,23.0
459,Comedy,Tales of Manhattan (1942),5.0,3.4863989231828714,5.0
460,Comedy,Tampopo (1985),5.0,3.4863989231828714,12.0
461,Comedy,"Ten, The (2007)",4.5,3.4863989231828714,4.5
462,Comedy,Texas - Doc Snyder hält die Welt in Atem (1993),4.5,3.4863989231828714,4.5
463,Comedy,That Munchhausen (1979),4.5,3.4863989231828714,4.5
464,Comedy,The FP (2012),4.5,3.4863989231828714,4.5
465,Comedy,The Importance of Being Earnest (1952),4.333333333333333,3.4863989231828714,13.0
466,Comedy,The Taming of the Scoundrel (1980),4.5,3.4863989231828714,4.5
467,Comedy,"Thousand Clowns, A (1965)",5.0,3.4863989231828714,5.0
468,Comedy,Time of the Gypsies (Dom za vesanje) (1989),4.166666666666667,3.4863989231828714,12.5
469,Comedy,Tom Segura: Disgraceful (2018),4.5,3.4863989231828714,4.5
470,Comedy,Top Secret! (1984),4.2,3.4863989231828714,42.0
471,Comedy,Trailer Park Boys (1999),5.0,3.4863989231828714,5.0
472,Comedy,Train of Life (Train de vie) (1998),4.5,3.4863989231828714,4.5
473,Comedy,Tyler Perry's I Can Do Bad All by Myself (2009),5.0,3.4863989231828714,5.0
474,Comedy,Underground (1995),4.333333333333333,3.4863989231828714,13.0
475,Comedy,Unfaithfully Yours (1948),5.0,3.4863989231828714,5.0
476,Comedy,"Valet, The (La doublure) (2006)",5.0,3.4863989231828714,5.0
477,Comedy,Welcome to the Sticks (Bienvenue chez les Ch'tis) (2008),4.5,3.4863989231828714,9.0
478,Comedy,What Men Talk About (2010),5.0,3.4863989231828714,5.0
479,Comedy,What We Do in the Shadows (2014),4.75,3.4863989231828714,9.5
480,Comedy,Wild Tales (2014),4.1875,3.4863989231828714,31.0
481,Comedy,"Woman Is a Woman, A (femme est une femme, Une) (1961)",5.0,3.4863989231828714,5.0
482,Crime,10th & Wolf (2006),4.5,3.4863989231828714,4.5
483,Crime,"American Friend, The (Amerikanische Freund, Der) (1977)",5.0,3.4863989231828714,5.0
484,Crime,American History X (1998),4.226086956521739,3.4863989231828714,505.0
485,Crime,American Made (2017),4.5,3.4863989231828714,9.0
486,Crime,"Assassination of Jesse James by the Coward Robert Ford, The (2007)",4.1,3.4863989231828714,41.0
487,Crime,Badlands (1973),4.222222222222221,3.4863989231828714,45.0
488,Crime,Body Heat (1981),4.5,3.4863989231828714,40.0
489,Crime,Bonnie and Clyde (1967),4.078947368421051,3.4863989231828714,22.5
490,Crime,Brother (Brat) (1997),5.0,3.4863989231828714,5.0
491,Crime,Brother 2 (Brat 2) (2000),4.5,3.4863989231828714,4.5
492,Crime,Carandiru (2003),4.5,3.4863989231828714,4.5
493,Crime,"Day of the Jackal, The (1973)",4.083333333333333,3.4863989231828714,24.5
494,Crime,"Decalogue, The (Dekalog) (1989)",5.0,3.4863989231828714,5.0
495,Crime,"Departed, The (2006)",4.25,3.4863989231828714,416.5
496,Crime,Empire (2002),4.5,3.4863989231828714,4.5
497,Crime,"Godfather, The (1972)",4.260135135135135,3.4863989231828714,609.5
498,Crime,Goodfellas (1990),4.244791666666667,3.4863989231828714,498.5
499,Crime,"Green Mile, The (1999)",4.103092783505153,3.4863989231828714,387.5
500,Crime,High Sierra (1941),4.166666666666667,3.4863989231828714,12.5
501,Crime,"I, the Jury (1982)",5.0,3.4863989231828714,5.0
502,Crime,Joint Security Area (Gongdong gyeongbi guyeok JSA) (2000),4.25,3.4863989231828714,17.0
503,Crime,La Cérémonie (1995),5.0,3.4863989231828714,9.0
504,Crime,Laura (1944),4.5,3.4863989231828714,22.0
505,Crime,Memories of Murder (Salinui chueok) (2003),4.625,3.4863989231828714,18.5
506,Crime,Miller's Crossing (1990),4.235294117647058,3.4863989231828714,77.0
507,Crime,New Jersey Drive (1995),5.0,3.4863989231828714,9.0
508,Crime,Psycho (1960),4.116666666666666,3.4863989231828714,239.0
509,Crime,Rififi (Du rififi chez les hommes) (1955),4.75,3.4863989231828714,9.5
510,Crime,Sherlock Holmes and Dr. Watson: Acquaintance (1979),5.0,3.4863989231828714,5.0
511,Crime,Taxi Driver (1976),4.107142857142857,3.4863989231828714,402.5
512,Crime,The Adventures of Sherlock Holmes and Doctor Watson: The Treasures of Agra (1983),5.0,3.4863989231828714,5.0
513,Crime,"Three Billboards Outside Ebbing, Missouri (2017)",4.666666666666667,3.4863989231828714,28.0
514,Crime,"Usual Suspects, The (1995)",4.296153846153846,3.4863989231828714,814.5
515,Documentary,"20,000 Days on Earth (2014)",4.0,3.4863989231828714,4.0
516,Documentary,21 Up (1977),4.0,3.4863989231828714,12.0
517,Documentary,28 Up (1985),4.0,3.4863989231828714,12.0
518,Documentary,35 Up (1991),4.0,3.4863989231828714,12.0
519,Documentary,4 Little Girls (1997),4.25,3.4863989231828714,8.5
520,Documentary,6 Days to Air: The Making of South Park (2011),4.0,3.4863989231828714,4.0
521,Documentary,Alaska: Spirit of the Wild (1997),4.0,3.4863989231828714,4.0
522,Documentary,Amanda Knox (2016),3.5,3.4863989231828714,3.5
523,Documentary,American Grindhouse (2010),4.0,3.4863989231828714,4.0
524,Documentary,American Movie (1999),3.4863989231828714,3.4863989231828714,7.0
525,Documentary,Anne Frank Remembered (1995),3.4863989231828714,3.4863989231828714,13.0
526,Documentary,"Art of the Steal, The (2009)",4.0,3.4863989231828714,8.0
527,Documentary,"Atomic Cafe, The (1982)",4.5,3.4863989231828714,9.0
528,Documentary,Baraka (1992),4.125,3.4863989231828714,16.5
529,Documentary,Beyond the Mat (1999),3.7,3.4863989231828714,18.5
530,Documentary,Bill Cunningham New York (2011),4.5,3.4863989231828714,4.5
531,Documentary,Black Tar Heroin: The Dark End of the Street (2000),3.4863989231828714,3.4863989231828714,5.0
532,Documentary,Blackfish (2013),3.0,3.4863989231828714,4.0
533,Documentary,Blind Spot: Hitler's Secretary (Im toten Winkel - Hitlers Sekretärin) (2002),3.0,3.4863989231828714,3.0
534,Documentary,Bowling for Columbine (2002),3.7857142857142856,3.4863989231828714,201.5
535,Documentary,"Bridge, The (2006)",4.0,3.4863989231828714,4.0
536,Documentary,Bruce Lee: A Warrior's Journey (2000),3.5,3.4863989231828714,3.5
537,Documentary,Buena Vista Social Club (1999),4.166666666666667,3.4863989231828714,17.5
538,Documentary,Bully (2011),3.5,3.4863989231828714,7.0
539,Documentary,Burden of Dreams (1982),3.75,3.4863989231828714,7.5
540,Documentary,Bush's Brain (2004),3.0,3.4863989231828714,3.0
541,Documentary,Capturing the Friedmans (2003),4.25,3.4863989231828714,25.5
542,Documentary,Catfish (2010),3.6666666666666665,3.4863989231828714,11.0
543,Documentary,Catwalk (1996),3.4863989231828714,3.4863989231828714,4.0
544,Documentary,"Celluloid Closet, The (1995)",4.0,3.4863989231828714,4.0
545,Documentary,"Century of the Self, The (2002)",3.75,3.4863989231828714,7.5
546,Documentary,Cinemania (2002),4.0,3.4863989231828714,16.0
547,Documentary,Citizenfour (2014),3.875,3.4863989231828714,15.5
548,Documentary,"Civil War, The (1990)",4.0,3.4863989231828714,4.0
549,Documentary,"Corporation, The (2003)",3.9,3.4863989231828714,39.0
550,Documentary,"Cove, The (2009)",4.333333333333333,3.4863989231828714,13.0
551,Documentary,"Cruise, The (1998)",4.25,3.4863989231828714,8.5
552,Documentary,Crumb (1994),3.4863989231828714,3.4863989231828714,26.0
553,Documentary,"Culture High, The (2014)",3.0,3.4863989231828714,3.0
554,Documentary,Darkon (2006),3.0,3.4863989231828714,3.0
555,Documentary,Darwin's Nightmare (2004),4.0,3.4863989231828714,4.0
556,Documentary,De platte jungle (1978),5.0,3.4863989231828714,5.0
557,Documentary,"Decade Under the Influence, A (2003)",3.5,3.4863989231828714,10.5
558,Documentary,"Devil and Daniel Johnston, The (2005)",4.5,3.4863989231828714,4.5
559,Documentary,Devil's Playground (2002),4.25,3.4863989231828714,8.5
560,Documentary,Earth (2007),3.5,3.4863989231828714,3.5
561,Documentary,Earthlings (2006),4.0,3.4863989231828714,4.0
562,Documentary,Empire of Dreams: The Story of the 'Star Wars' Trilogy (2004),4.5,3.4863989231828714,4.5
563,Documentary,Encounters at the End of the World (2008),4.5,3.4863989231828714,13.5
564,Documentary,"Endurance: Shackleton's Legendary Antarctic Expedition, The (2000)",3.5,3.4863989231828714,3.5
565,Documentary,"Filth and the Fury, The (2000)",3.4863989231828714,3.4863989231828714,4.0
566,Documentary,"Food, Inc. (2008)",3.7857142857142856,3.4863989231828714,26.5
567,Documentary,For the Bible Tells Me So (2007),3.25,3.4863989231828714,6.5
568,Documentary,GLOW: The Story of the Gorgeous Ladies of Wrestling (2012),3.0,3.4863989231828714,3.0
569,Documentary,Gaga: Five Foot Two (2017),3.5,3.4863989231828714,3.5
570,Documentary,Genghis Blues (1999),3.5,3.4863989231828714,3.5
571,Documentary,Get Me Roger Stone (2017),3.0,3.4863989231828714,3.0
572,Documentary,Gigantic (A Tale of Two Johns) (2002),4.0,3.4863989231828714,16.0
573,Documentary,Going Clear: Scientology and the Prison of Belief (2015),4.25,3.4863989231828714,8.5
574,Documentary,Grass (1999),3.1666666666666665,3.4863989231828714,7.0
575,Documentary,"Great Day in Harlem, A (1994)",3.4863989231828714,3.4863989231828714,4.0
576,Documentary,Happy People: A Year in the Taiga (2010),4.5,3.4863989231828714,4.5
577,Documentary,Harlan County U.S.A. (1976),5.0,3.4863989231828714,5.0
578,Documentary,Hearts of Darkness: A Filmmakers Apocalypse (1991),3.75,3.4863989231828714,15.0
579,Documentary,Heidi Fleiss: Hollywood Madam (1995),3.4863989231828714,3.4863989231828714,10.0
580,Documentary,Helvetica (2007),3.25,3.4863989231828714,10.5
581,Documentary,Home (2009),4.5,3.4863989231828714,9.0
582,Documentary,Hoop Dreams (1994),3.4863989231828714,3.4863989231828714,72.0
583,Documentary,Human Planet (2011),4.0,3.4863989231828714,4.0
584,Documentary,HyperNormalisation (2016),4.0,3.4863989231828714,8.0
585,Documentary,"Inconvenient Truth, An (2006)",3.625,3.4863989231828714,41.0
586,Documentary,Inside Job (2010),4.45,3.4863989231828714,44.5
587,Documentary,It Might Get Loud (2008),3.75,3.4863989231828714,7.5
588,Documentary,Jim & Andy: The Great Beyond (2017),4.5,3.4863989231828714,4.5
589,Documentary,Jiro Dreams of Sushi (2011),4.1,3.4863989231828714,20.5
590,Documentary,Jon Stewart Has Left the Building (2015),3.5,3.4863989231828714,3.5
591,Documentary,Jonestown: The Life and Death of Peoples Temple (2006),3.875,3.4863989231828714,15.5
592,Documentary,Keep the River on Your Right: A Modern Cannibal Tale (2000),3.5,3.4863989231828714,3.5
593,Documentary,"Kid Stays in the Picture, The (2002)",3.8333333333333335,3.4863989231828714,11.5
594,Documentary,Koyaanisqatsi (a.k.a. Koyaanisqatsi: Life Out of Balance) (1983),3.4863989231828714,3.4863989231828714,13.0
595,Documentary,"Last Days, The (1998)",4.0,3.4863989231828714,8.0
596,Documentary,"Last Klezmer: Leopold Kozlowski, His Life and Music, The (1994)",3.4863989231828714,3.4863989231828714,4.0
597,Documentary,Last Train Home (2009),3.0,3.4863989231828714,3.0
598,Documentary,Lightning in a Bottle (2004),4.0,3.4863989231828714,4.0
599,Documentary,Long Night's Journey Into Day (2000),4.0,3.4863989231828714,4.0
600,Documentary,Looking for Richard (1996),3.75,3.4863989231828714,19.5
601,Documentary,Lost in La Mancha (2002),3.0,3.4863989231828714,10.0
602,Documentary,Louis Theroux: Law & Disorder (2008),5.0,3.4863989231828714,5.0
603,Documentary,Madonna: Truth or Dare (1991),3.4863989231828714,3.4863989231828714,10.0
604,Documentary,"Man with the Movie Camera, The (Chelovek s kino-apparatom) (1929)",3.333333333333333,3.4863989231828714,8.0
605,Documentary,"March of the Penguins (Marche de l'empereur, La) (2005)",3.5882352941176467,3.4863989231828714,51.0
606,Documentary,Marwencol (2010),4.25,3.4863989231828714,8.5
607,Documentary,Maya Lin: A Strong Clear Vision (1994),3.4863989231828714,3.4863989231828714,7.0
608,Documentary,Mayor of the Sunset Strip (2003),3.5,3.4863989231828714,3.5
609,Documentary,Metallica: Some Kind of Monster (2004),3.1666666666666665,3.4863989231828714,7.0
610,Documentary,Microcosmos (Microcosmos: Le peuple de l'herbe) (1996),4.166666666666667,3.4863989231828714,16.5
611,Documentary,"Most Hated Family in America, The (2007)",4.5,3.4863989231828714,9.0
612,Documentary,Murderball (2005),3.8333333333333335,3.4863989231828714,11.5
613,Documentary,My Architect: A Son's Journey (2003),4.25,3.4863989231828714,8.5
614,Documentary,My Best Fiend (Mein liebster Feind) (1999),3.4863989231828714,3.4863989231828714,4.0
615,Documentary,My Flesh and Blood (2003),4.0,3.4863989231828714,4.0
616,Documentary,My Voyage to Italy (Il mio viaggio in Italia) (1999),3.0,3.4863989231828714,3.0
617,Documentary,Nico Icon (1995),3.4863989231828714,3.4863989231828714,4.0
618,Documentary,No Direction Home: Bob Dylan (2005),4.625,3.4863989231828714,18.5
619,Documentary,OT: Our Town (2002),3.5,3.4863989231828714,3.5
620,Documentary,Oceans (Océans) (2009),4.0,3.4863989231828714,4.0
621,Documentary,On Any Sunday (1971),4.5,3.4863989231828714,4.5
622,Documentary,On the Ropes (1999),5.0,3.4863989231828714,5.0
623,Documentary,One Day in September (1999),4.0,3.4863989231828714,8.0
624,Documentary,Paper Clips (2004),4.0,3.4863989231828714,4.0
625,Documentary,Paradise Lost 2: Revelations (2000),4.0,3.4863989231828714,4.0
626,Documentary,Paris Is Burning (1990),3.4863989231828714,3.4863989231828714,4.0
627,Documentary,Particle Fever (2013),5.0,3.4863989231828714,5.0
628,Documentary,Powaqqatsi (1988),3.75,3.4863989231828714,7.5
629,Documentary,Red Army (2014),4.0,3.4863989231828714,4.0
630,Documentary,Risk (2016),4.0,3.4863989231828714,4.0
631,Documentary,Rivers and Tides (2001),5.0,3.4863989231828714,5.0
632,Documentary,Rock School (2005),3.5,3.4863989231828714,7.0
633,Documentary,Roger & Me (1989),3.8947368421052633,3.4863989231828714,94.5
634,Documentary,Searching for Sugar Man (2012),4.25,3.4863989231828714,17.0
635,Documentary,Senna (2010),4.3,3.4863989231828714,21.5
636,Documentary,Shooting Dogs (a.k.a. Beyond the Gates) (2005),4.0,3.4863989231828714,4.0
637,Documentary,Shut Up & Sing (2006),3.0,3.4863989231828714,7.0
638,Documentary,Slasher (2004),3.5,3.4863989231828714,3.5
639,Documentary,Spiral (2018),3.0,3.4863989231828714,3.0
640,Documentary,Standing in the Shadows of Motown (2002),3.5,3.4863989231828714,10.5
641,Documentary,Stanley Kubrick: A Life in Pictures (2001),4.0,3.4863989231828714,4.0
642,Documentary,Starsuckers (2009),4.0,3.4863989231828714,4.0
643,Documentary,Steam of Life (Miesten vuoro) (2010),3.5,3.4863989231828714,3.5
644,Documentary,Steve Jobs: The Man in the Machine (2015),4.0,3.4863989231828714,4.0
645,Documentary,Stevie (2002),4.25,3.4863989231828714,8.5
646,Documentary,Stop Making Sense (1984),3.4863989231828714,3.4863989231828714,6.0
647,Documentary,That's Entertainment (1974),4.0,3.4863989231828714,4.0
648,Documentary,The Blue Planet (2001),4.75,3.4863989231828714,9.5
649,Documentary,The Jinx: The Life and Deaths of Robert Durst (2015),5.0,3.4863989231828714,5.0
650,Documentary,"Thin Blue Line, The (1988)",4.0,3.4863989231828714,44.0
651,Documentary,This Film Is Not Yet Rated (2006),3.5,3.4863989231828714,17.5
652,Documentary,Tickling Giants (2017),5.0,3.4863989231828714,5.0
653,Documentary,Tie Xi Qu: West of the Tracks (Tiexi qu) (2003),4.0,3.4863989231828714,4.0
654,Documentary,Tim's Vermeer (2013),4.0,3.4863989231828714,4.0
655,Documentary,To Be and to Have (Être et avoir) (2002),3.0,3.4863989231828714,3.0
656,Documentary,Tokyo Idols (2017),4.5,3.4863989231828714,4.5
657,Documentary,Tomorrow (2015),4.5,3.4863989231828714,4.5
658,Documentary,"Trials of Henry Kissinger, The (2002)",4.0,3.4863989231828714,8.0
659,Documentary,U2: Rattle and Hum (1988),4.0,3.4863989231828714,8.0
660,Documentary,UnHung Hero (2013),4.5,3.4863989231828714,4.5
661,Documentary,"Unknown Known, The (2013)",4.0,3.4863989231828714,4.0
662,Documentary,Unknown White Male (2005),3.5,3.4863989231828714,3.5
663,Documentary,Unprecedented: The 2000 Presidential Election (2002),3.5,3.4863989231828714,3.5
664,Documentary,Unzipped (1995),3.4863989231828714,3.4863989231828714,4.0
665,Documentary,Upside Down: The Creation Records Story (2010),3.0,3.4863989231828714,3.0
666,Documentary,Voices from the List (2004),4.125,3.4863989231828714,16.5
667,Documentary,Waiting for 'Superman' (2010),4.0,3.4863989231828714,4.0
668,Documentary,Walking with Monsters (2005),4.0,3.4863989231828714,4.0
669,Documentary,"War Room, The (1993)",3.25,3.4863989231828714,15.0
670,Documentary,Watermark (2014),5.0,3.4863989231828714,5.0
671,Documentary,"Way South, The (De weg naar het zuiden) (1981)",4.0,3.4863989231828714,4.0
672,Documentary,"Weather Underground, The (2002)",4.0,3.4863989231828714,16.0
673,Documentary,"What Happened, Miss Simone? (2015)",3.5,3.4863989231828714,3.5
674,Documentary,When We Were Kings (1996),3.6666666666666665,3.4863989231828714,36.5
675,Documentary,When the Levees Broke: A Requiem in Four Acts (2006),4.0,3.4863989231828714,4.0
676,Documentary,Wild China (2008),4.0,3.4863989231828714,4.0
677,Documentary,"Winged Migration (Peuple migrateur, Le) (2001)",3.5,3.4863989231828714,29.0
678,Documentary,Won't You Be My Neighbor? (2018),5.0,3.4863989231828714,5.0
679,Documentary,"Wonderful, Horrible Life of Leni Riefenstahl, The (Macht der Bilder: Leni Riefenstahl, Die) (1993)",3.4863989231828714,3.4863989231828714,4.0
680,Drama,1900 (Novecento) (1976),4.5,3.4863989231828714,4.5
681,Drama,3 Women (Three Women) (1977),4.25,3.4863989231828714,8.5
682,Drama,84 Charing Cross Road (1987),4.5,3.4863989231828714,9.0
683,Drama,"Affair of Love, An (Liaison pornographique, Une) (1999)",4.75,3.4863989231828714,9.5
684,Drama,Afterglow (1997),4.5,3.4863989231828714,18.0
685,Drama,Akira Kurosawa's Dreams (Dreams) (1990),4.333333333333333,3.4863989231828714,13.0
686,Drama,All the Real Girls (2003),4.25,3.4863989231828714,8.5
687,Drama,"Alphaville (Alphaville, une étrange aventure de Lemmy Caution) (1965)",4.125,3.4863989231828714,16.5
688,Drama,Angels and Insects (1995),5.0,3.4863989231828714,23.0
689,Drama,Ararat (2002),4.5,3.4863989231828714,4.5
690,Drama,Babette's Feast (Babettes gæstebud) (1987),4.4,3.4863989231828714,22.0
691,Drama,Battle For Sevastopol (2015),5.0,3.4863989231828714,5.0
692,Drama,Beautiful Thing (1996),4.5,3.4863989231828714,18.0
693,Drama,"Best Years of Our Lives, The (1946)",4.25,3.4863989231828714,28.5
694,Drama,Beyond Silence (Jenseits der Stille) (1996),4.5,3.4863989231828714,4.5
695,Drama,Black Mirror: White Christmas (2014),4.75,3.4863989231828714,19.0
696,Drama,Broken (2012),4.5,3.4863989231828714,4.5
697,Drama,Captain Fantastic (2016),4.5,3.4863989231828714,22.5
698,Drama,Cat on a Hot Tin Roof (1958),4.166666666666667,3.4863989231828714,34.5
699,Drama,"Celebration, The (Festen) (1998)",4.409090909090909,3.4863989231828714,53.5
700,Drama,Che: Part Two (2008),5.0,3.4863989231828714,5.0
701,Drama,Citizen Kane (1941),4.0588235294117645,3.4863989231828714,199.5
702,Drama,"Colonel Chabert, Le (1994)",5.0,3.4863989231828714,9.0
703,Drama,"Common Thread, A (a.k.a. Sequins) (Brodeuses) (2004)",4.5,3.4863989231828714,4.5
704,Drama,"Conversation, The (1974)",4.153846153846153,3.4863989231828714,68.0
705,Drama,"Cruel Romance, A (Zhestokij Romans) (1984)",5.0,3.4863989231828714,5.0
706,Drama,Days of Being Wild (A Fei jingjyuhn) (1990),4.5,3.4863989231828714,4.5
707,Drama,"Diving Bell and the Butterfly, The (Scaphandre et le papillon, Le) (2007)",4.1,3.4863989231828714,20.5
708,Drama,Do the Right Thing (1989),4.190476190476192,3.4863989231828714,88.0
709,Drama,Dogfight (1991),4.166666666666667,3.4863989231828714,12.5
710,Drama,"Elephant Man, The (1980)",4.045454545454546,3.4863989231828714,64.5
711,Drama,Enter the Void (2009),5.0,3.4863989231828714,10.0
712,Drama,"Face in the Crowd, A (1957)",4.2,3.4863989231828714,21.0
713,Drama,"Field in England, A (2013)",4.5,3.4863989231828714,4.5
714,Drama,Five Easy Pieces (1970),4.2,3.4863989231828714,36.0
715,Drama,"Five Senses, The (1999)",5.0,3.4863989231828714,5.0
716,Drama,Frankenstein (1931),4.142857142857143,3.4863989231828714,41.0
717,Drama,Front of the Class (2008),5.0,3.4863989231828714,5.0
718,Drama,Funny Games U.S. (2007),4.375,3.4863989231828714,17.5
719,Drama,Gallipoli (1981),4.285714285714286,3.4863989231828714,30.0
720,Drama,Goal! The Dream Begins (Goal!) (2005),4.25,3.4863989231828714,8.5
721,Drama,Gods and Monsters (1998),4.25,3.4863989231828714,16.5
722,Drama,Guess Who's Coming to Dinner (1967),4.5,3.4863989231828714,50.0
723,Drama,Hands Over the City (Le mani sulla città) (1963),4.5,3.4863989231828714,4.5
724,Drama,Happy Together (a.k.a. Buenos Aires Affair) (Chun gwong cha sit) (1997),4.75,3.4863989231828714,9.5
725,Drama,Harakiri (Seppuku) (1962),4.5,3.4863989231828714,13.5
726,Drama,Holy Motors (2012),5.0,3.4863989231828714,5.0
727,Drama,Hour of the Wolf (Vargtimmen) (1968),4.5,3.4863989231828714,9.0
728,Drama,"Human Condition II, The (Ningen no joken II) (1959)",4.5,3.4863989231828714,4.5
729,Drama,In the Mood For Love (Fa yeung nin wa) (2000),4.153846153846153,3.4863989231828714,54.0
730,Drama,In the Name of the Father (1993),4.1,3.4863989231828714,103.0
731,Drama,Indignation (2016),5.0,3.4863989231828714,5.0
732,Drama,Kagemusha (1980),4.166666666666667,3.4863989231828714,16.5
733,Drama,L.I.E. (2001),4.333333333333333,3.4863989231828714,13.0
734,Drama,Lady Jane (1986),5.0,3.4863989231828714,5.0
735,Drama,Last Life in the Universe (Ruang rak noi nid mahasan) (2003),4.166666666666667,3.4863989231828714,12.5
736,Drama,"Last Picture Show, The (1971)",4.5,3.4863989231828714,36.0
737,Drama,Last Tango in Paris (Ultimo tango a Parigi) (1972),4.5,3.4863989231828714,22.5
738,Drama,Legend No. 17 (2013),4.5,3.4863989231828714,4.5
739,Drama,Lifeboat (1944),4.375,3.4863989231828714,30.5
740,Drama,Lilting (2014),4.5,3.4863989231828714,4.5
741,Drama,Lincoln (2012),4.5,3.4863989231828714,18.0
742,Drama,Lion (2016),4.5,3.4863989231828714,4.5
743,Drama,"Lives of Others, The (Das leben der Anderen) (2006)",4.125,3.4863989231828714,130.5
744,Drama,Love Me If You Dare (Jeux d'enfants) (2003),4.1,3.4863989231828714,20.5
745,Drama,Malcolm X (1992),4.208333333333333,3.4863989231828714,60.0
746,Drama,"Man with the Golden Arm, The (1955)",5.0,3.4863989231828714,5.0
747,Drama,Manon of the Spring (Manon des sources) (1986),4.125,3.4863989231828714,24.5
748,Drama,Me and you (io e te) (2012),4.5,3.4863989231828714,4.5
749,Drama,Michael Clayton (2007),4.107142857142857,3.4863989231828714,52.5
750,Drama,Mildred Pierce (2011),4.5,3.4863989231828714,4.5
751,Drama,Moonlight,5.0,3.4863989231828714,5.0
752,Drama,Moscow Does Not Believe in Tears (Moskva slezam ne verit) (1979),5.0,3.4863989231828714,5.0
753,Drama,Mr. Skeffington (1944),5.0,3.4863989231828714,5.0
754,Drama,My Father and My Son (Babam ve oglum) (2005),4.5,3.4863989231828714,4.5
755,Drama,My Own Private Idaho (1991),4.75,3.4863989231828714,16.5
756,Drama,North & South (2004),4.5,3.4863989231828714,4.5
757,Drama,Not One Less (Yi ge dou bu neng shao) (1999),4.5,3.4863989231828714,4.5
758,Drama,Nymphomaniac: Volume I (2013),4.25,3.4863989231828714,8.5
759,Drama,Nymphomaniac: Volume II (2013),4.5,3.4863989231828714,4.5
760,Drama,One Flew Over the Cuckoo's Nest (1975),4.231132075471698,3.4863989231828714,526.5
761,Drama,"Ox-Bow Incident, The (1943)",4.5,3.4863989231828714,4.5
762,Drama,Passion Fish (1992),4.5,3.4863989231828714,16.0
763,Drama,Paths of Glory (1957),4.45,3.4863989231828714,54.5
764,Drama,Perfect Sense (2011),4.25,3.4863989231828714,8.5
765,Drama,"Prestige, The (2006)",4.011904761904762,3.4863989231828714,159.0
766,Drama,"Promise, The (La promesse) (1996)",5.0,3.4863989231828714,9.0
767,Drama,Raging Bull (1980),4.134615384615385,3.4863989231828714,139.5
768,Drama,Rain (2001),5.0,3.4863989231828714,5.0
769,Drama,Reign Over Me (2007),4.125,3.4863989231828714,16.5
770,Drama,"River Runs Through It, A (1992)",4.027777777777779,3.4863989231828714,84.0
771,Drama,Rosemary's Baby (1968),4.134615384615385,3.4863989231828714,126.5
772,Drama,"Sacrifice, The (Offret - Sacraficatio) (1986)",4.166666666666667,3.4863989231828714,12.5
773,Drama,Schindler's List (1993),4.090909090909091,3.4863989231828714,871.0
774,Drama,"Sea Inside, The (Mar adentro) (2004)",4.083333333333333,3.4863989231828714,24.5
775,Drama,Secrets of a Soul (Geheimnisse einer Seele) (1926),4.5,3.4863989231828714,4.5
776,Drama,"Separation, A (Jodaeiye Nader az Simin) (2011)",4.5,3.4863989231828714,9.0
777,Drama,Sophie Scholl: The Final Days (Sophie Scholl - Die letzten Tage) (2005),4.625,3.4863989231828714,18.5
778,Drama,Sophie's Choice (1982),4.1,3.4863989231828714,38.0
779,Drama,Soul Food (1997),4.5,3.4863989231828714,4.5
780,Drama,"Spring, Summer, Fall, Winter... and Spring (Bom yeoreum gaeul gyeoul geurigo bom) (2003)",4.25,3.4863989231828714,42.5
781,Drama,Stalingrad (1993),4.5,3.4863989231828714,4.5
782,Drama,"Story of Women (Affaire de femmes, Une) (1988)",5.0,3.4863989231828714,5.0
783,Drama,"Strada, La (1954)",4.25,3.4863989231828714,25.5
784,Drama,Straight Outta Compton (2015),4.214285714285714,3.4863989231828714,29.5
785,Drama,Sunset Blvd. (a.k.a. Sunset Boulevard) (1950),4.318181818181818,3.4863989231828714,104.5
786,Drama,Tangerines (2013),4.5,3.4863989231828714,4.5
787,Drama,Temple Grandin (2010),4.5,3.4863989231828714,13.5
788,Drama,The Founder (2016),4.25,3.4863989231828714,8.5
789,Drama,The Square (2017),4.25,3.4863989231828714,8.5
790,Drama,The Stanford Prison Experiment (2015),4.5,3.4863989231828714,4.5
791,Drama,Thirty-Two Short Films About Glenn Gould (1993),5.0,3.4863989231828714,9.0
792,Drama,This Property is Condemned (1966),4.5,3.4863989231828714,4.5
793,Drama,To Sir with Love (1967),4.1,3.4863989231828714,28.5
794,Drama,Too Big to Fail (2011),4.5,3.4863989231828714,4.5
795,Drama,"Trial, The (Procès, Le) (1962)",4.75,3.4863989231828714,24.5
796,Drama,"Trip to Bountiful, The (1985)",4.25,3.4863989231828714,8.5
797,Drama,Vatel (2000),4.5,3.4863989231828714,4.5
798,Drama,"Visitor, The (2007)",4.5,3.4863989231828714,4.5
799,Drama,What Ever Happened to Baby Jane? (1962),4.5,3.4863989231828714,9.0
800,Drama,"Wings of the Dove, The (1997)",4.833333333333333,3.4863989231828714,14.5
801,Drama,"World of Apu, The (Apur Sansar) (1959)",4.75,3.4863989231828714,9.5
802,Drama,Written on the Wind (1956),4.25,3.4863989231828714,8.5
803,Drama,Yi Yi (2000),4.6,3.4863989231828714,23.0
804,Fantasy,"Andalusian Dog, An (Chien andalou, Un) (1929)",4.5,3.4863989231828714,18.0
805,Fantasy,Brazil (1985),4.0777777777777775,3.4863989231828714,176.5
806,Fantasy,Children of Dune (2003),3.75,3.4863989231828714,7.5
807,Fantasy,Dracula (Bram Stoker's Dracula) (1992),3.4473684210526314,3.4863989231828714,87.5
808,Fantasy,"Evil Dead, The (1981)",3.8181818181818175,3.4863989231828714,79.5
809,Fantasy,Insidious (2010),2.75,3.4863989231828714,3.5
810,Fantasy,Miss Peregrine's Home for Peculiar Children (2016),3.75,3.4863989231828714,7.5
811,Fantasy,Paperhouse (1988),3.5,3.4863989231828714,3.5
812,Fantasy,Prince of Darkness (1987),4.5,3.4863989231828714,4.5
813,Fantasy,Red Riding Hood (2011),4.0,3.4863989231828714,4.0
814,Fantasy,Silent Hill (2006),2.958333333333333,3.4863989231828714,28.5
815,Fantasy,Sleepy Hollow (1999),3.4863989231828714,3.4863989231828714,27.0
816,Fantasy,Tales from the Darkside: The Movie (1990),4.0,3.4863989231828714,9.0
817,Fantasy,"Topo, El (1970)",3.9,3.4863989231828714,17.5
818,Fantasy,Troll 2 (1990),3.5,3.4863989231828714,10.0
819,Fantasy,"Troll Hunter, The (Trolljegeren) (2010)",3.75,3.4863989231828714,7.5
820,Film-Noir,Angel Heart (1987),3.4863989231828714,3.4863989231828714,14.0
821,Film-Noir,"Maltese Falcon, The (1941)",3.4863989231828714,3.4863989231828714,61.0
822,Film-Noir,Notorious (1946),3.4863989231828714,3.4863989231828714,34.0
823,Film-Noir,Out of the Past (1947),3.4863989231828714,3.4863989231828714,9.0
824,Film-Noir,Pickup on South Street (1953),4.0,3.4863989231828714,4.0
825,Film-Noir,Suspicion (1941),3.4863989231828714,3.4863989231828714,8.0
826,Film-Noir,"Third Man, The (1949)",4.088235294117647,3.4863989231828714,68.5
827,Horror,13 Sins (2014),3.5,3.4863989231828714,3.5
828,Horror,30 Days of Night (2007),3.1818181818181817,3.4863989231828714,30.5
829,Horror,31 (2016),3.5,3.4863989231828714,3.5
830,Horror,"Abominable Dr. Phibes, The (1971)",4.25,3.4863989231828714,8.5
831,Horror,"Abominable Snowman, The (Abominable Snowman of the Himalayas, The) (1957)",4.0,3.4863989231828714,4.0
832,Horror,Absentia (2011),3.5,3.4863989231828714,3.5
833,Horror,Alien (1979),3.4863989231828714,3.4863989231828714,100.0
834,Horror,Annabelle (2014),3.0,3.4863989231828714,3.5
835,Horror,"As Above, So Below (2014)",3.0,3.4863989231828714,3.0
836,Horror,"Asphyx, The (1973)",4.5,3.4863989231828714,4.5
837,Horror,"Astronaut's Wife, The (1999)",2.3888888888888893,3.4863989231828714,15.5
838,Horror,"Atomic Brain, The (1963)",3.5,3.4863989231828714,3.5
839,Horror,Attack of the Crab Monsters (1957),3.0,3.4863989231828714,3.0
840,Horror,Attack of the Puppet People (1958),4.0,3.4863989231828714,4.0
841,Horror,"Believers, The (1987)",3.4863989231828714,3.4863989231828714,7.0
842,Horror,Below (2002),3.5,3.4863989231828714,3.5
843,Horror,Beyond Re-Animator (2003),3.0,3.4863989231828714,3.0
844,Horror,"Birds, The (1963)",3.4863989231828714,3.4863989231828714,36.0
845,Horror,Black Christmas (1974),3.5,3.4863989231828714,7.0
846,Horror,"Black Sabbath (Tre volti della paura, I) (1963)",3.4863989231828714,3.4863989231828714,4.0
847,Horror,Blair Witch (2016),3.5,3.4863989231828714,3.5
848,Horror,BlinkyTM (2011),3.0,3.4863989231828714,3.0
849,Horror,"Blob, The (1958)",4.0,3.4863989231828714,12.0
850,Horror,"Blob, The (1988)",2.833333333333333,3.4863989231828714,6.5
851,Horror,Blood Feast (1963),3.4863989231828714,3.4863989231828714,4.0
852,Horror,Body Snatchers (1993),3.4863989231828714,3.4863989231828714,19.0
853,Horror,Burnt Offerings (1976),3.4863989231828714,3.4863989231828714,3.0
854,Horror,Campfire Tales (1997),4.0,3.4863989231828714,4.0
855,Horror,Candyman 3: Day of the Dead (1999),3.0,3.4863989231828714,3.0
856,Horror,Carnival of Souls (1962),3.4863989231828714,3.4863989231828714,3.0
857,Horror,Castle Freak (1995),3.4863989231828714,3.4863989231828714,3.0
858,Horror,Cat's Eye (1985),3.4863989231828714,3.4863989231828714,6.0
859,Horror,Cemetery Man (Dellamorte Dellamore) (1994),3.4863989231828714,3.4863989231828714,15.0
860,Horror,"Changeling, The (1980)",3.333333333333333,3.4863989231828714,7.5
861,Horror,Child's Play (1988),2.7222222222222223,3.4863989231828714,23.0
862,Horror,Child's Play 2 (1990),2.5,3.4863989231828714,6.0
863,Horror,Children of the Corn (1984),3.4863989231828714,3.4863989231828714,3.0
864,Horror,Children of the Corn IV: The Gathering (1996),3.4863989231828714,3.4863989231828714,14.0
865,Horror,Children of the Damned (1963),3.75,3.4863989231828714,7.5
866,Horror,Cigarette Burns (2005),3.0,3.4863989231828714,3.0
867,Horror,"City of the Living Dead (a.k.a. Gates of Hell, The) (Paura nella città dei morti viventi) (1980)",3.0,3.4863989231828714,3.0
868,Horror,Creep (2004),3.0,3.4863989231828714,3.0
869,Horror,Creep (2014),3.0,3.4863989231828714,4.0
870,Horror,Creepshow 2 (1987),3.5,3.4863989231828714,10.0
871,Horror,Crimson Peak (2015),3.5,3.4863989231828714,3.5
872,Horror,Cube (1997),3.5,3.4863989231828714,75.5
873,Horror,Cube 2: Hypercube (2002),3.75,3.4863989231828714,7.5
874,Horror,"Curse of Frankenstein, The (1957)",3.0,3.4863989231828714,3.0
875,Horror,Damien: Omen II (1978),3.4863989231828714,3.4863989231828714,3.0
876,Horror,Day of the Dead (1985),3.625,3.4863989231828714,27.5
877,Horror,"Deaths of Ian Stone, The (2007)",3.0,3.4863989231828714,3.0
878,Horror,Deep Red (Profondo rosso) (1975),2.6,3.4863989231828714,7.5
879,Horror,"Den, The (2013)",3.5,3.4863989231828714,3.5
880,Horror,Devil (2010),3.25,3.4863989231828714,6.5
881,Horror,Diary of the Dead (2007),2.833333333333333,3.4863989231828714,6.5
882,Horror,Dracula (1931),3.1428571428571432,3.4863989231828714,25.0
883,Horror,Dracula (1979),4.5,3.4863989231828714,4.5
884,Horror,Dreamscape (1984),3.4863989231828714,3.4863989231828714,3.0
885,Horror,Eden Lake (2008),4.0,3.4863989231828714,4.0
886,Horror,Event Horizon (1997),3.147058823529412,3.4863989231828714,48.0
887,Horror,"Exorcist III, The (1990)",2.333333333333333,3.4863989231828714,5.0
888,Horror,"Exorcist, The (1973)",3.6860465116279064,3.4863989231828714,180.5
889,Horror,Exorcist: The Beginning (2004),2.5,3.4863989231828714,3.5
890,Horror,"Eyes Without a Face (Yeux sans visage, Les) (1959)",3.0,3.4863989231828714,6.0
891,Horror,"Faculty, The (1998)",3.4863989231828714,3.4863989231828714,6.0
892,Horror,Final Destination 2 (2003),3.125,3.4863989231828714,23.0
893,Horror,Final Destination 3 (2006),2.8125,3.4863989231828714,20.0
894,Horror,"Final Destination, The (Final Destination 4) (Final Destination in 3-D, The) (2009)",3.0,3.4863989231828714,6.0
895,Horror,Firestarter (1984),3.3571428571428568,3.4863989231828714,21.5
896,Horror,Flatliners (1990),2.8,3.4863989231828714,20.5
897,Horror,"Fly II, The (1989)",2.125,3.4863989231828714,3.0
898,Horror,"Fly, The (1958)",3.4863989231828714,3.4863989231828714,11.0
899,Horror,Friday the 13th (1980),3.4863989231828714,3.4863989231828714,10.0
900,Horror,Friday the 13th Part 2 (1981),3.4863989231828714,3.4863989231828714,8.0
901,Horror,Friday the 13th Part 3: 3D (1982),1.7,3.4863989231828714,10.0
902,Horror,Friday the 13th Part IV: The Final Chapter (1984),3.4863989231828714,3.4863989231828714,7.0
903,Horror,Friday the 13th Part V: A New Beginning (1985),3.4863989231828714,3.4863989231828714,3.0
904,Horror,Friday the 13th Part VIII: Jason Takes Manhattan (1989),3.4863989231828714,3.4863989231828714,3.0
905,Horror,"Fury, The (1978)",3.4863989231828714,3.4863989231828714,4.0
906,Horror,"Gate, The (1987)",3.0,3.4863989231828714,3.0
907,Horror,Get Out (2017),3.678571428571429,3.4863989231828714,44.5
908,Horror,Ghost Ship (2002),2.3125,3.4863989231828714,10.5
909,Horror,Ghosts of Mars (2001),3.125,3.4863989231828714,7.5
910,Horror,Ginger Snaps: Unleashed (2004),3.0,3.4863989231828714,3.0
911,Horror,Grave Encounters (2011),3.75,3.4863989231828714,7.5
912,Horror,Halloween (2007),3.25,3.4863989231828714,13.0
913,Horror,Halloween: Resurrection (Halloween 8) (2002),2.0,3.4863989231828714,3.0
914,Horror,Halloween: The Curse of Michael Myers (Halloween 6: The Curse of Michael Myers) (1995),3.4863989231828714,3.4863989231828714,19.0
915,Horror,Hannibal (2001),2.8513513513513518,3.4863989231828714,82.0
916,Horror,"Haunting, The (1963)",3.75,3.4863989231828714,28.0
917,Horror,"Haunting, The (1999)",3.4863989231828714,3.4863989231828714,3.0
918,Horror,Hellraiser (1987),3.4863989231828714,3.4863989231828714,7.0
919,Horror,Hide and Seek (2005),2.2,3.4863989231828714,3.0
920,Horror,Hollow Man (2000),2.363636363636364,3.4863989231828714,47.5
921,Horror,Horror of Dracula (Dracula) (1958),3.0,3.4863989231828714,3.0
922,Horror,House on Haunted Hill (1999),2.8125,3.4863989231828714,22.5
923,Horror,"Howling, The (1980)",3.1666666666666665,3.4863989231828714,10.5
924,Horror,"Hush... Hush, Sweet Charlotte (1964)",4.5,3.4863989231828714,9.0
925,Horror,I Know What You Did Last Summer (1997),2.0,3.4863989231828714,26.0
926,Horror,I Still Know What You Did Last Summer (1998),2.230769230769231,3.4863989231828714,17.5
927,Horror,In the Mouth of Madness (1995),3.4863989231828714,3.4863989231828714,6.0
928,Horror,Invasion of the Body Snatchers (1956),3.8333333333333335,3.4863989231828714,49.0
929,Horror,"Invisible Man, The (1933)",3.5,3.4863989231828714,7.0
930,Horror,It Follows (2014),4.5,3.4863989231828714,13.5
931,Horror,Jacob's Ladder (1990),3.8055555555555554,3.4863989231828714,83.0
932,Horror,Jaws 2 (1978),3.4863989231828714,3.4863989231828714,9.0
933,Horror,Jeepers Creepers (2001),2.5,3.4863989231828714,13.5
934,Horror,Ju-on: The Curse (2000),3.0,3.4863989231828714,3.0
935,Horror,Ju-on: The Grudge (2002),2.5,3.4863989231828714,6.0
936,Horror,Kwaidan (Kaidan) (1964),2.5,3.4863989231828714,4.5
937,Horror,Lady in White (a.k.a. The Mystery of the Lady in White) (1988),1.75,3.4863989231828714,3.0
938,Horror,"Last Exorcism, The (2010)",4.0,3.4863989231828714,4.0
939,Horror,Last Shift (2014),4.0,3.4863989231828714,4.0
940,Horror,"Last Winter, The (2006)",4.0,3.4863989231828714,4.0
941,Horror,Lifeforce (1985),3.1666666666666665,3.4863989231828714,7.0
942,Horror,Lord of Illusions (1995),3.333333333333333,3.4863989231828714,20.0
943,Horror,"Masque of the Red Death, The (1964)",3.25,3.4863989231828714,6.5
944,Horror,Mimic (1997),2.9285714285714284,3.4863989231828714,13.5
945,Horror,"Mist, The (2007)",3.4285714285714284,3.4863989231828714,46.5
946,Horror,"Mummy, The (1932)",3.4863989231828714,3.4863989231828714,8.0
947,Horror,"Mummy, The (1959)",3.333333333333333,3.4863989231828714,10.0
948,Horror,Near Dark (1987),3.4863989231828714,3.4863989231828714,4.0
949,Horror,Night of the Living Dead (1968),3.761904761904762,3.4863989231828714,93.0
950,Horror,"Nightmare on Elm Street 2: Freddy's Revenge, A (1985)",1.9166666666666667,3.4863989231828714,3.0
951,Horror,"Nightmare on Elm Street 3: Dream Warriors, A (1987)",2.75,3.4863989231828714,25.0
952,Horror,"Nightmare on Elm Street 5: The Dream Child, A (1989)",3.4863989231828714,3.4863989231828714,7.0
953,Horror,Nightwatch (1997),3.0,3.4863989231828714,3.0
954,Horror,"Nosferatu (Nosferatu, eine Symphonie des Grauens) (1922)",3.4863989231828714,3.4863989231828714,11.0
955,Horror,Nosferatu the Vampyre (Nosferatu: Phantom der Nacht) (1979),4.0,3.4863989231828714,4.0
956,Horror,"Omen, The (1976)",3.4863989231828714,3.4863989231828714,20.0
957,Horror,Paranormal Activity (2009),3.4,3.4863989231828714,12.5
958,Horror,Paranormal Activity 2 (2010),3.7,3.4863989231828714,18.5
959,Horror,Paranormal Activity 3 (2011),3.5,3.4863989231828714,7.0
960,Horror,Paranormal Activity 4 (2012),3.0,3.4863989231828714,3.0
961,Horror,Pet Sematary (1989),2.9285714285714284,3.4863989231828714,16.5
962,Horror,Phantasm (1979),2.95,3.4863989231828714,20.0
963,Horror,Poltergeist (1982),3.363636363636364,3.4863989231828714,137.0
964,Horror,Prom Night (1980),3.4863989231828714,3.4863989231828714,3.0
965,Horror,Prom Night IV: Deliver Us From Evil (1992),3.4863989231828714,3.4863989231828714,4.0
966,Horror,Psycho II (1983),2.5,3.4863989231828714,6.0
967,Horror,Psycho III (1986),2.5,3.4863989231828714,3.0
968,Horror,Pulse (Kairo) (2001),3.0,3.4863989231828714,3.0
969,Horror,Puppet Master (1989),3.0,3.4863989231828714,3.0
970,Horror,Puppet Master II (1991),3.0,3.4863989231828714,3.0
971,Horror,Puppet Master III: Toulon's Revenge (1991),3.4863989231828714,3.4863989231828714,3.0
972,Horror,"Puppet Masters, The (1994)",3.333333333333333,3.4863989231828714,10.0
973,Horror,Quatermass and the Pit (1967),3.4863989231828714,3.4863989231828714,3.0
974,Horror,Ravenous (1999),3.4863989231828714,3.4863989231828714,14.0
975,Horror,Relative Fear (1994),3.4863989231828714,3.4863989231828714,3.0
976,Horror,"Relic, The (1997)",3.4863989231828714,3.4863989231828714,9.0
977,Horror,Ringu (Ring) (1998),3.4545454545454546,3.4863989231828714,36.0
978,Horror,Rose Red (2002),3.0,3.4863989231828714,4.0
979,Horror,"Sacrament, The (2013)",4.0,3.4863989231828714,4.0
980,Horror,Saw VII 3D - The Final Chapter (2010),4.5,3.4863989231828714,4.5
981,Horror,"Serpent and the Rainbow, The (1988)",3.5,3.4863989231828714,7.0
982,Horror,Session 9 (2001),3.625,3.4863989231828714,12.0
983,Horror,"Shining, The (1980)",3.4863989231828714,3.4863989231828714,42.0
984,Horror,"Signal, The (2007)",3.5,3.4863989231828714,3.5
985,Horror,Signs (2002),3.158333333333333,3.4863989231828714,158.0
986,Horror,Silent Hill: Revelation 3D (2012),3.0,3.4863989231828714,3.0
987,Horror,"Silent Night, Deadly Night (1984)",3.5,3.4863989231828714,3.5
988,Horror,Slumber Party Massacre III (1990),3.4863989231828714,3.4863989231828714,5.0
989,Horror,Sorority House Massacre (1986),3.4863989231828714,3.4863989231828714,5.0
990,Horror,Sorority House Massacre II (1990),3.4863989231828714,3.4863989231828714,5.0
991,Horror,Species (1995),2.75,3.4863989231828714,85.5
992,Horror,Species II (1998),1.9166666666666667,3.4863989231828714,6.0
993,Horror,Spirits of the Dead (1968),3.4863989231828714,3.4863989231828714,3.0
994,Horror,Splice (2009),3.5,3.4863989231828714,10.5
995,Horror,Stir of Echoes (1999),3.4863989231828714,3.4863989231828714,22.0
996,Horror,Strange Circus (Kimyô na sâkasu) (2005),4.0,3.4863989231828714,4.0
997,Horror,Stuck (2007),3.5,3.4863989231828714,3.5
998,Horror,Suicide Club (Jisatsu saakuru) (2001),3.125,3.4863989231828714,12.5
999,Horror,Swamp Thing (1982),3.4863989231828714,3.4863989231828714,6.0
1000,Horror,Tales from the Crypt Presents: Demon Knight (1995),3.5,3.4863989231828714,8.0
1001,Horror,Tarantula (1955),3.0,3.4863989231828714,3.0
1002,Horror,"Texas Chainsaw Massacre, The (1974)",3.4863989231828714,3.4863989231828714,12.0
1003,Horror,The Hunger (1983),3.4863989231828714,3.4863989231828714,3.0
1004,Horror,The Spiral Staircase (1945),3.4863989231828714,3.4863989231828714,4.0
1005,Horror,"Thing, The (2011)",3.5,3.4863989231828714,12.0
1006,Horror,Thinner (1996),3.4863989231828714,3.4863989231828714,17.0
1007,Horror,Urban Legend (1998),2.5,3.4863989231828714,9.5
1008,Horror,V/H/S (2012),2.75,3.4863989231828714,3.5
1009,Horror,Vacancy (2007),3.75,3.4863989231828714,7.5
1010,Horror,Valentine (2001),3.5,3.4863989231828714,3.5
1011,Horror,Vampire in Venice (Nosferatu a Venezia) (Nosferatu in Venice) (1986),3.4863989231828714,3.4863989231828714,5.0
1012,Horror,Village of the Damned (1960),3.5,3.4863989231828714,10.5
1013,Horror,Village of the Damned (1995),2.625,3.4863989231828714,13.5
1014,Horror,When a Stranger Calls (1979),2.5,3.4863989231828714,3.0
1015,Horror,"Woods, The (2006)",3.0,3.4863989231828714,3.0
1016,Horror,You're Next (2011),3.75,3.4863989231828714,7.5
1017,Musical,"American in Paris, An (1951)",3.3571428571428568,3.4863989231828714,42.0
1018,Musical,Calamity Jane (1953),3.5,3.4863989231828714,3.5
1019,Musical,Gigi (1958),3.4863989231828714,3.4863989231828714,5.0
1020,Musical,Happy Go Lovely (1951),4.5,3.4863989231828714,4.5
1021,Musical,"Inspector General, The (1949)",3.0,3.4863989231828714,3.0
1022,Musical,Meet Me in St. Louis (1944),4.0,3.4863989231828714,41.0
1023,Musical,Oklahoma! (1955),4.5,3.4863989231828714,9.0
1024,Musical,"Sound of Music, The (1965)",3.902173913043478,3.4863989231828714,212.5
1025,Musical,South Pacific (1958),3.6666666666666665,3.4863989231828714,34.0
1026,Musical,Tommy (1975),2.5,3.4863989231828714,7.0
1027,Musical,"Unsinkable Molly Brown, The (1964)",3.5,3.4863989231828714,3.5
1028,Mystery,Absolute Power (1997),3.4863989231828714,3.4863989231828714,16.0
1029,Mystery,Bunny Lake Is Missing (1965),3.5,3.4863989231828714,3.5
1030,Mystery,Buried (2010),3.5,3.4863989231828714,14.0
1031,Mystery,Dead Again (1991),3.25,3.4863989231828714,42.0
1032,Mystery,District 9 (2009),3.816666666666667,3.4863989231828714,217.0
1033,Mystery,Inferno (2016),2.875,3.4863989231828714,11.0
1034,Mystery,Jennifer 8 (1992),3.4863989231828714,3.4863989231828714,10.0
1035,Mystery,Mortal Thoughts (1991),3.4863989231828714,3.4863989231828714,3.0
1036,Mystery,Obsession (1976),3.0,3.4863989231828714,3.0
1037,Mystery,Pacific Heights (1990),3.75,3.4863989231828714,30.0
1038,Mystery,Rear Window (1954),3.4863989231828714,3.4863989231828714,83.0
1039,Mystery,Saboteur (1942),3.25,3.4863989231828714,15.5
1040,Mystery,Seven (a.k.a. Se7en) (1995),3.4863989231828714,3.4863989231828714,256.0
1041,Mystery,Shattered (1991),3.0,3.4863989231828714,3.0
1042,Mystery,Sherlock Holmes: The Woman in Green (1945),3.5,3.4863989231828714,3.5
1043,Mystery,Spellbound (1945),3.4863989231828714,3.4863989231828714,15.0
1044,Mystery,Stage Fright (1950),3.5,3.4863989231828714,7.0
1045,Mystery,"Stepford Wives, The (1975)",3.2857142857142856,3.4863989231828714,28.0
1046,Mystery,Super 8 (2011),3.5263157894736836,3.4863989231828714,61.0
1047,Mystery,The Wailing (2016),3.0,3.4863989231828714,3.0
1048,Mystery,True Crime (1996),4.0,3.4863989231828714,8.0
1049,Mystery,Twelve Monkeys (a.k.a. 12 Monkeys) (1995),3.4863989231828714,3.4863989231828714,299.0
1050,Mystery,Underneath (1995),3.4863989231828714,3.4863989231828714,3.0
1051,Mystery,Unforgettable (1996),3.4863989231828714,3.4863989231828714,9.0
1052,Mystery,Vanilla Sky (2001),3.4302325581395348,3.4863989231828714,133.5
1053,Romance,Against All Odds (1984),2.333333333333333,3.4863989231828714,3.0
1054,Romance,"Claim, The (2000)",2.833333333333333,3.4863989231828714,6.0
1055,Romance,Code 46 (2003),4.5,3.4863989231828714,4.5
1056,Romance,Dirty Dancing: Havana Nights (2004),3.625,3.4863989231828714,14.5
1057,Romance,Emma (1996),3.5,3.4863989231828714,3.5
1058,Romance,He Loves Me... He Loves Me Not (À la folie... pas du tout) (2002),4.5,3.4863989231828714,4.5
1059,Romance,Hustler White (1996),3.4863989231828714,3.4863989231828714,4.0
1060,Romance,Jack and Sarah (1995),3.0,3.4863989231828714,3.0
1061,Romance,"Jetée, La (1962)",4.5,3.4863989231828714,9.0
1062,Romance,Kama Sutra: A Tale of Love (1996),3.4863989231828714,3.4863989231828714,4.0
1063,Romance,"Life Less Ordinary, A (1997)",2.9,3.4863989231828714,13.0
1064,Romance,Meet Joe Black (1998),3.4863989231828714,3.4863989231828714,3.0
1065,Romance,Message in a Bottle (1999),3.4863989231828714,3.4863989231828714,10.0
1066,Romance,Raise Your Voice (2004),5.0,3.4863989231828714,5.0
1067,Romance,Rio Grande (1950),3.5,3.4863989231828714,3.5
1068,Romance,Temptress Moon (Feng Yue) (1996),3.4863989231828714,3.4863989231828714,3.0
1069,Romance,Upstream Color (2013),3.1666666666666665,3.4863989231828714,9.5
1070,Sci-Fi,2010: The Year We Make Contact (1984),3.5454545454545454,3.4863989231828714,52.5
1071,Sci-Fi,ARQ (2016),4.5,3.4863989231828714,4.5
1072,Sci-Fi,"Amazing Transparent Man, The (1960)",3.5,3.4863989231828714,3.5
1073,Sci-Fi,Arrival (2016),3.9807692307692313,3.4863989231828714,101.0
1074,Sci-Fi,Babylon 5: The Legend of the Rangers: To Live and Die in Starlight (2002),4.0,3.4863989231828714,4.0
1075,Sci-Fi,Babylon 5: The Lost Tales - Voices in the Dark (2007),4.0,3.4863989231828714,4.0
1076,Sci-Fi,Battle Beyond the Stars (1980),3.0,3.4863989231828714,3.0
1077,Sci-Fi,Blade Runner 2049 (2017),3.794117647058824,3.4863989231828714,58.5
1078,Sci-Fi,"Boy and His Dog, A (1975)",4.0,3.4863989231828714,12.0
1079,Sci-Fi,Brainstorm (1983),3.5,3.4863989231828714,3.5
1080,Sci-Fi,Contagion (2011),3.7083333333333335,3.4863989231828714,42.0
1081,Sci-Fi,Doctor Who: A Christmas Carol (2010),4.75,3.4863989231828714,9.5
1082,Sci-Fi,Doctor Who: The Runaway Bride (2007),4.0,3.4863989231828714,16.0
1083,Sci-Fi,"Final Cut, The (2004)",4.0,3.4863989231828714,8.0
1084,Sci-Fi,"Incredible Shrinking Man, The (1957)",3.0,3.4863989231828714,3.0
1085,Sci-Fi,"Island of Dr. Moreau, The (1996)",2.8076923076923075,3.4863989231828714,49.0
1086,Sci-Fi,Limitless (2011),3.95,3.4863989231828714,118.5
1087,Sci-Fi,Meteor (1979),1.25,3.4863989231828714,3.0
1088,Sci-Fi,Paradox (2010),3.5,3.4863989231828714,3.5
1089,Sci-Fi,Project Almanac (2015),3.75,3.4863989231828714,12.5
1090,Sci-Fi,Runaway (1984),3.4863989231828714,3.4863989231828714,4.0
1091,Sci-Fi,Seven Sisters (2017),4.25,3.4863989231828714,8.5
1092,Sci-Fi,"Signal, The (2014)",4.5,3.4863989231828714,4.5
1093,Sci-Fi,Sphere (1998),3.4863989231828714,3.4863989231828714,7.0
1094,Sci-Fi,The Darkest Minds (2018),3.5,3.4863989231828714,3.5
1095,Thriller,15 Minutes (2001),3.111111111111111,3.4863989231828714,23.5
1096,Thriller,Arlington Road (1999),3.1764705882352944,3.4863989231828714,62.0
1097,Thriller,Best Seller (1987),4.0,3.4863989231828714,4.0
1098,Thriller,Bless the Child (2000),4.0,3.4863989231828714,4.0
1099,Thriller,Blink (1994),3.4863989231828714,3.4863989231828714,13.0
1100,Thriller,Blue Ruin (2013),4.0,3.4863989231828714,4.0
1101,Thriller,"Bone Collector, The (1999)",3.147058823529412,3.4863989231828714,60.0
1102,Thriller,Dead Calm (1989),3.4863989231828714,3.4863989231828714,17.0
1103,Thriller,"Dead Zone, The (1983)",3.75,3.4863989231828714,54.0
1104,Thriller,Don't Say a Word (2001),2.5,3.4863989231828714,7.0
1105,Thriller,Eye of the Beholder (1999),1.25,3.4863989231828714,3.0
1106,Thriller,"Eye, The (Gin gwai) (Jian gui) (2002)",3.25,3.4863989231828714,4.0
1107,Thriller,"Eyewitness (Janitor, The) (1981)",4.0,3.4863989231828714,4.0
1108,Thriller,Fear (1996),3.4863989231828714,3.4863989231828714,15.0
1109,Thriller,Felicia's Journey (1999),3.4863989231828714,3.4863989231828714,3.0
1110,Thriller,Frenzy (1972),3.4863989231828714,3.4863989231828714,4.0
1111,Thriller,"Guest, The (2014)",4.0,3.4863989231828714,4.0
1112,Thriller,Hideaway (1995),3.4863989231828714,3.4863989231828714,6.0
1113,Thriller,Hush (1998),3.0,3.4863989231828714,3.0
1114,Thriller,"In Crowd, The (2000)",4.0,3.4863989231828714,7.0
1115,Thriller,Intact (Intacto) (2001),4.25,3.4863989231828714,8.5
1116,Thriller,Jade (1995),3.4863989231828714,3.4863989231828714,13.0
1117,Thriller,Kill Me Three Times (2014),3.0,3.4863989231828714,3.0
1118,Thriller,Malice (1993),3.4863989231828714,3.4863989231828714,18.0
1119,Thriller,"Manchurian Candidate, The (2004)",3.0,3.4863989231828714,26.0
1120,Thriller,Miss Sloane (2016),4.5,3.4863989231828714,9.0
1121,Thriller,"Odessa File, The (1974)",3.5,3.4863989231828714,15.5
1122,Thriller,"Perfect Murder, A (1998)",3.4863989231828714,3.4863989231828714,3.0
1123,Thriller,Red Rock West (1992),4.0,3.4863989231828714,37.0
1124,Thriller,Safe (1995),3.6666666666666665,3.4863989231828714,11.0
1125,Thriller,Sleepers (1996),3.4863989231828714,3.4863989231828714,38.0
1126,Thriller,Sliver (1993),3.4863989231828714,3.4863989231828714,34.0
1127,Thriller,Spotlight (2015),4.138888888888889,3.4863989231828714,72.0
1128,Thriller,Stay (2005),2.833333333333333,3.4863989231828714,8.0
1129,Thriller,The Girl on the Train (2016),4.5,3.4863989231828714,4.5
1130,Thriller,Topaz (1969),3.0,3.4863989231828714,3.0
1131,Thriller,Torn Curtain (1966),3.5,3.4863989231828714,3.5
1132,Thriller,Twisted (2004),2.75,3.4863989231828714,3.5
1133,War,Battle for Haditha (2007),4.0,3.4863989231828714,4.0
1134,War,"Objective, Burma! (1945)",3.0,3.4863989231828714,3.0
1135,War,Pork Chop Hill (1959),3.5,3.4863989231828714,7.0
1136,War,Run Silent Run Deep (1958),3.0,3.4863989231828714,18.0
1137,Western,Alvarez Kelly (1966),3.4863989231828714,3.4863989231828714,3.0
1138,Western,Bad Girls (1994),3.4863989231828714,3.4863989231828714,13.0
1139,Western,High Plains Drifter (1973),3.4863989231828714,3.4863989231828714,26.0
1140,Western,Little Big Man (1970),3.7692307692307687,3.4863989231828714,43.5
1141,Western,Mackenna's Gold (1969),3.0,3.4863989231828714,3.0
1142,Western,Open Range (2003),3.9444444444444446,3.4863989231828714,35.5
1143,Western,Pale Rider (1985),3.9,3.4863989231828714,27.5
1144,Western,Pat Garrett and Billy the Kid (1973),3.75,3.4863989231828714,7.5
1145,Western,Rio Bravo (1959),3.6666666666666665,3.4863989231828714,11.0
1146,Western,Tom Horn (1980),4.0,3.4863989231828714,4.0
1147,Western,Wild Bill (1995),3.4863989231828714,3.4863989231828714,7.0
1148,Western,Winchester '73 (1950),4.0,3.4863989231828714,4.0
1149,Western,Wyatt Earp (1994),3.4863989231828714,3.4863989231828714,40.0
